season,athlete_id,guid,uid,slug,type,first_name,last_name,full_name,display_name,short_name,height,display_height,weight,display_weight,age,date_of_birth,birth_city,birth_state,birth_country,jersey,position_id,position_name,position_abbreviation,position_display_name,college_id,current_team_id,headshot_href,experience_years,status_id,status_name,status_type,draft_year,draft_round,draft_selection,active
2005,3,751f8cb0-701c-3d43-c76a-ac9989351dba,s:40~l:59~a:3,tamecka-dixon,basketball,Tamecka,Dixon,Tamecka Dixon,Tamecka Dixon,T. Dixon,69.0,"5' 9""",148.0,148 lbs,50,1975-12-14T08:00Z,,,,,0,Not Available,NA,Not Available,2305,,,,2,Inactive,inactive,,,,false
2005,6,62bdd85c-2d0b-f2ab-b947-5bce833d8949,s:40~l:59~a:6,lisa-leslie,basketball,Lisa,Leslie,Lisa Leslie,Lisa Leslie,L. Leslie,77.0,"6' 5""",170.0,170 lbs,54,1972-07-07T07:00Z,,,,,0,Not Available,NA,Not Available,30,,,,2,Inactive,inactive,,,,false
2005,7,8924bb38-a782-1cca-2d48-cbbec372a429,s:40~l:59~a:7,mwadi-mabika,basketball,Mwadi,Mabika,Mwadi Mabika,Mwadi Mabika,M. Mabika,71.0,"5' 11""",165.0,165 lbs,49,1976-07-27T07:00Z,,,,,0,Not Available,NA,Not Available,,,,,2,Inactive,inactive,,,,false
2005,9,6a2ce15c-522d-89cb-5c73-3852b9bfba4d,s:40~l:59~a:9,delisha-milton-jones,basketball,DeLisha,Milton-Jones,DeLisha Milton-Jones,DeLisha Milton-Jones,D. Milton-Jones,73.0,"6' 1""",185.0,185 lbs,51,1974-09-11T07:00Z,,,,1,7,Forward,F,Forward,57,20,,17,2,Inactive,inactive,,,,false
2005,10,e105ac64-7a9a-d71d-0f59-cc2be20af42e,s:40~l:59~a:10,nikki-teasley,basketball,Nikki,Teasley,Nikki Teasley,Nikki Teasley,N. Teasley,72.0,"6' 0""",169.0,169 lbs,47,1979-03-22T08:00Z,,,,,0,Not Available,NA,Not Available,153,,,,2,Inactive,inactive,,,,false
2005,14,11a1e0e9-ba28-3a47-a94d-ee414aa2d093,s:40~l:59~a:14,becky-hammon,basketball,Becky,Hammon,Becky Hammon,Becky Hammon,B. Hammon,66.0,"5' 6""",136.0,136 lbs,49,1977-03-11T08:00Z,,,,25,3,Guard,G,Guard,36,17,,15,2,Inactive,inactive,,,,false
2005,16,4af13231-13c6-b59c-9c2c-947a6f954039,s:40~l:59~a:16,vickie-johnson,basketball,Vickie,Johnson,Vickie Johnson,Vickie Johnson,V. Johnson,69.0,"5' 9""",150.0,150 lbs,54,1972-04-15T08:00Z,Coushatta,LA,USA,,3,Guard,G,Guard,2348,17,,,2,Inactive,inactive,,,,false
2005,17,ce6d0406-1c9a-aa66-472c-320e4e60be57,s:40~l:59~a:17,bernadette-ngoyisa,basketball,Bernadette,Ngoyisa,Bernadette Ngoyisa,Bernadette Ngoyisa,B. Ngoyisa,76.0,"6' 4""",195.0,195 lbs,43,1982-08-26T07:00Z,,,,,0,Not Available,NA,Not Available,,,,,2,Inactive,inactive,,,,false
2005,18,12b8030d-7a3b-17fa-0929-c8d4b1028da2,s:40~l:59~a:18,tari-phillips,basketball,Tari,Phillips,Tari Phillips,Tari Phillips,T. Phillips,74.0,"6' 2""",200.0,200 lbs,56,1970-03-06T08:00Z,,,,,7,Forward,F,Forward,2116,9,,,2,Inactive,inactive,,,,false
2005,19,fe4d5317-b605-63da-d6e5-076b06db0ee6,s:40~l:59~a:19,crystal-robinson,basketball,Crystal,Robinson,Crystal Robinson,Crystal Robinson,C. Robinson,71.0,"5' 11""",155.0,155 lbs,52,1974-01-22T07:00Z,,,,,0,Not Available,NA,Not Available,199,,,,2,Inactive,inactive,,,,false
2005,21,4b5fa57d-4822-15d6-1f85-c5857cd6225e,s:40~l:59~a:21,tamika-whitmore,basketball,Tamika,Whitmore,Tamika Whitmore,Tamika Whitmore,T. Whitmore,74.0,"6' 2""",190.0,190 lbs,49,1977-06-05T07:00Z,,,,,0,Not Available,NA,Not Available,235,,,,2,Inactive,inactive,,,,false
2005,27,5dd69d4e-3ca3-6e3c-5902-ab88cdba7fd9,s:40~l:59~a:27,margo-dydek,basketball,Margo,Dydek,Margo Dydek,Margo Dydek,M. Dydek,86.0,"7' 2""",223.0,223 lbs,52,1974-04-28T07:00Z,,,,,0,Not Available,NA,Not Available,,,,,2,Inactive,inactive,,,,false
2005,28,5743c5a1-528d-993b-5927-1baedf4ad566,s:40~l:59~a:28,marie-ferdinand-harris,basketball,Marie,Ferdinand-Harris,Marie  Ferdinand-Harris,Marie  Ferdinand-Harris,M. Ferdinand-Harris,69.0,"5' 9""",153.0,153 lbs,47,1978-10-13T04:00Z,,,,,3,Guard,G,Guard,99,6,,,2,Inactive,inactive,,,,false
2005,30,89daa45e-b306-d53f-eac5-8b48ee458316,s:40~l:59~a:30,adrienne-goodson,basketball,Adrienne,Goodson,Adrienne Goodson,Adrienne Goodson,A. Goodson,72.0,"6' 0""",165.0,165 lbs,59,1966-10-19T07:00Z,,,,,0,Not Available,NA,Not Available,295,,,,2,Inactive,inactive,,,,false
2005,33,880df11d-2581-ff03-9b14-1034eda4dde5,s:40~l:59~a:33,natalie-williams,basketball,Natalie,Williams,Natalie Williams,Natalie Williams,N. Williams,74.0,"6' 2""",210.0,210 lbs,55,1970-11-30T08:00Z,,,,,0,Not Available,NA,Not Available,26,,,,2,Inactive,inactive,,,,false
2005,34,9e91954f-0e06-b26e-1067-aee8e4707f7a,s:40~l:59~a:34,svetlana-abrosimova,basketball,Svetlana,Abrosimova,Svetlana Abrosimova,Svetlana Abrosimova,S. Abrosimova,74.0,"6' 2""",169.0,169 lbs,46,1980-07-09T07:00Z,,,,25,7,Forward,F,Forward,41,14,,,2,Inactive,inactive,,,,false
2005,35,5917bd4a-ca4c-6e34-0c0c-3d625bc92d65,s:40~l:59~a:35,janell-burse,basketball,Janell,Burse,Janell Burse,Janell Burse,J. Burse,77.0,"6' 5""",199.0,199 lbs,47,1979-05-19T07:00Z,,,,,0,Not Available,NA,Not Available,2655,,,,2,Inactive,inactive,,,,false
2005,37,dd01dd9b-136d-516b-9a99-144025beee73,s:40~l:59~a:37,betty-lennox,basketball,Betty,Lennox,Betty Lennox,Betty Lennox,B. Lennox,68.0,"5' 8""",143.0,143 lbs,49,1976-12-04T08:00Z,,,,,3,Guard,G,Guard,2348,8,,,2,Inactive,inactive,,,,false
2005,40,5d214fa0-9d23-d8fc-5a5c-fb419253cd8b,s:40~l:59~a:40,katie-smith,basketball,Katie,Smith,Katie Smith,Katie Smith,K. Smith,71.0,"5' 11""",180.0,180 lbs,52,1974-06-04T07:00Z,,,,30,3,Guard,G,Guard,194,9,,14,2,Inactive,inactive,,,,false
2005,44,08892c7a-efe5-3840-d5cb-7c2c1ec65007,s:40~l:59~a:44,tamika-williams-jeter,basketball,Tamika,Williams-Jeter,Tamika Williams-Jeter,Tamika Williams-Jeter,T. Williams-Jeter,74.0,"6' 2""",195.0,195 lbs,46,1980-04-12T08:00Z,,,,,0,Not Available,NA,Not Available,41,,,,2,Inactive,inactive,,,,false
2005,55,66c4da43-4f0a-ed44-e595-1f8315bdbcf6,s:40~l:59~a:55,mactabene-amachree,basketball,Mactabene,Amachree,Mactabene Amachree,Mactabene Amachree,M. Amachree,73.0,"6' 1""",175.0,175 lbs,48,1978-01-03T08:00Z,,,,,0,Not Available,NA,Not Available,2000,,,,2,Inactive,inactive,,,,false
2005,61,5a2c2260-12b5-bbb1-6998-24c7d0dc7713,s:40~l:59~a:61,janeth-arcain,basketball,Janeth,Arcain,Janeth Arcain,Janeth Arcain,J. Arcain,71.0,"5' 11""",147.0,147 lbs,57,1969-04-11T08:00Z,,,,,0,Not Available,NA,Not Available,,,,,2,Inactive,inactive,,,,false
2005,68,5818f57d-c704-d6ec-0042-44572dcfab5c,s:40~l:59~a:68,elena-baranova,basketball,Elena,Baranova,Elena Baranova,Elena Baranova,E. Baranova,77.0,"6' 5""",182.0,182 lbs,54,1972-01-28T08:00Z,,,,,0,Not Available,NA,Not Available,,,,,2,Inactive,inactive,,,,false
2005,88,6de2f377-9580-6b0f-00c4-c1e39c97abba,s:40~l:59~a:88,lucienne-berthieu,basketball,Lucienne,Berthieu,Lucienne Berthieu,Lucienne Berthieu,L. Berthieu,74.0,"6' 2""",188.0,188 lbs,48,1978-03-31T08:00Z,,,,,0,Not Available,NA,Not Available,295,,,,2,Inactive,inactive,,,,false
2005,89,787fd866-718e-431a-1f83-9bcd406a2ecc,s:40~l:59~a:89,tully-bevilaqua,basketball,Tully,Bevilaqua,Tully  Bevilaqua,Tully  Bevilaqua,T. Bevilaqua,67.0,"5' 7""",145.0,145 lbs,53,1972-07-19T07:00Z,,,,41,3,Guard,G,Guard,,17,,,2,Inactive,inactive,,,,false
2005,91,e28a886c-1b4a-8c9e-c427-68ab9d0927ed,s:40~l:59~a:91,sue-bird,basketball,Sue,Bird,Sue Bird,Sue Bird,S. Bird,69.0,"5' 9""",150.0,150 lbs,45,1980-10-16T07:00Z,Syosset,NY,USA,10,3,Guard,G,Guard,41,14,https://a.espncdn.com/i/headshots/wnba/players/full/91.png,18,2,Inactive,inactive,2002,1,1,false
2005,108,96cb57b2-4496-e196-315c-178fa67b497c,s:40~l:59~a:108,kiesha-brown,basketball,Kiesha,Brown,Kiesha Brown,Kiesha Brown,K. Brown,70.0,"5' 10""",134.0,134 lbs,47,1979-01-13T08:00Z,,,,,0,Not Available,NA,Not Available,61,,,,2,Inactive,inactive,,,,false
2005,112,3e28aa88-5ac4-4d14-d3ec-cd38bf89e363,s:40~l:59~a:112,erin-buescher,basketball,Erin,Buescher,Erin Buescher,Erin Buescher,E. Buescher,75.0,"6' 3""",181.0,181 lbs,47,1979-06-05T07:00Z,,,,,0,Not Available,NA,Not Available,2375,,,,2,Inactive,inactive,,,,false
2005,119,03cba5e4-51a6-db59-db15-95cfa38fa230,s:40~l:59~a:119,edna-campbell,basketball,Edna,Campbell,Edna Campbell,Edna Campbell,E. Campbell,68.0,"5' 8""",152.0,152 lbs,57,1968-11-26T08:00Z,,,,,0,Not Available,NA,Not Available,251,,,,2,Inactive,inactive,,,,false
2005,121,221ee2a4-4f2a-6a3d-fff0-2d9c7a1b90d3,s:40~l:59~a:121,dominique-canty,basketball,Dominique,Canty,Dominique Canty,Dominique Canty,D. Canty,69.0,"5' 9""",166.0,166 lbs,49,1977-03-02T08:00Z,,,,3,3,Guard,G,Guard,333,16,,,2,Inactive,inactive,,,,false
2005,122,629d786d-ff35-bd18-b7f5-35b9d30d6ba5,s:40~l:59~a:122,swin-cash,basketball,Swin,Cash,Swin Cash,Swin Cash,S. Cash,73.0,"6' 1""",171.0,171 lbs,46,1979-09-22T07:00Z,,,,32,7,Forward,F,Forward,41,9,,14,2,Inactive,inactive,,,,false
2005,124,4cfdd1d5-8ccf-4443-37d6-fdfbed983ae0,s:40~l:59~a:124,iziane-castro,basketball,Iziane,Castro,Iziane Castro,Iziane Castro,I. Castro,71.0,"5' 11""",140.0,140 lbs,44,1982-03-13T08:00Z,Belo Horizonte,,Brazil,8,3,Guard,G,Guard,,17473,,,2,Inactive,inactive,,,,false
2005,125,448d1dbc-05b0-b81e-e022-25fe24f07ca6,s:40~l:59~a:125,tamika-catchings,basketball,Tamika,Catchings,Tamika Catchings,Tamika Catchings,T. Catchings,73.0,"6' 1""",167.0,167 lbs,46,1979-07-21T07:00Z,,,,24,7,Forward,F,Forward,2633,5,,15,2,Inactive,inactive,,,,false
2005,131,6ff1b63a-c753-0454-87fc-d2bc4a708532,s:40~l:59~a:131,kayte-christensen,basketball,Kayte,Christensen,Kayte Christensen,Kayte Christensen,K. Christensen,74.0,"6' 2""",171.0,171 lbs,45,1980-11-16T08:00Z,,,,,0,Not Available,NA,Not Available,2540,,,,2,Inactive,inactive,,,,false
2005,147,ceb0f86f-82e3-72f1-0215-2097b1c7c64c,s:40~l:59~a:147,edniesha-curry,basketball,Edniesha,Curry,Edniesha Curry,Edniesha Curry,E. Curry,64.0,"5' 4""",138.0,138 lbs,47,1979-07-09T07:00Z,,,,,0,Not Available,NA,Not Available,2483,,,,2,Inactive,inactive,,,,false
2005,150,773e41fb-8521-86b0-4bd5-9e14afa1b00e,s:40~l:59~a:150,helen-darling,basketball,Helen,Darling,Helen Darling,Helen Darling,H. Darling,66.0,"5' 6""",164.0,164 lbs,47,1978-08-29T07:00Z,,,,,0,Not Available,NA,Not Available,213,,,,2,Inactive,inactive,,,,false
2005,153,b872c874-4942-314a-44fd-eae8178ebcb1,s:40~l:59~a:153,anna-deforge,basketball,Anna,DeForge,Anna DeForge,Anna DeForge,A. DeForge,70.0,"5' 10""",160.0,160 lbs,50,1976-04-14T08:00Z,,,,,0,Not Available,NA,Not Available,158,,,,2,Inactive,inactive,,,,false
2005,156,c930fd89-bb9d-a605-6120-93b2ed6331a6,s:40~l:59~a:156,katie-douglas,basketball,Katie,Douglas,Katie Douglas,Katie Douglas,K. Douglas,72.0,"6' 0""",165.0,165 lbs,47,1979-05-07T07:00Z,,,,23,3,Guard,G,Guard,2509,18,,13,2,Inactive,inactive,,,,false
2005,159,53cc4ff2-e03f-6d42-e45a-6364bf6b5824,s:40~l:59~a:159,simone-edwards,basketball,Simone,Edwards,Simone Edwards,Simone Edwards,S. Edwards,76.0,"6' 4""",164.0,164 lbs,52,1973-11-17T08:00Z,,,,,0,Not Available,NA,Not Available,2294,,,,2,Inactive,inactive,,,,false
2005,166,23fba741-76ec-d5ec-5616-6b38a6997fdd,s:40~l:59~a:166,barbara-farris,basketball,Barbara,Farris,Barbara Farris,Barbara Farris,B. Farris,75.0,"6' 3""",200.0,200 lbs,49,1976-09-10T07:00Z,,,,,7,Forward,F,Forward,2655,9,,,2,Inactive,inactive,,,,false
2005,167,05f02d5b-2b6b-58d6-d4ac-504b615e3c00,s:40~l:59~a:167,allison-feaster,basketball,Allison,Feaster,Allison Feaster,Allison Feaster,A. Feaster,71.0,"5' 11""",168.0,168 lbs,50,1976-02-11T08:00Z,,,,,0,Not Available,NA,Not Available,108,,,,2,Inactive,inactive,,,,false
2005,180,8a9718bc-2e62-8571-d228-281713527de3,s:40~l:59~a:180,lakeshia-frett,basketball,La'Keshia,Frett,La'Keshia Frett,La'Keshia Frett,L. Frett,75.0,"6' 3""",170.0,170 lbs,51,1975-06-12T07:00Z,,,,,0,Not Available,NA,Not Available,61,,,,2,Inactive,inactive,,,,false
2005,192,c10759ec-e6d0-7445-7a34-7c049fa7cc68,s:40~l:59~a:192,yolanda-griffith,basketball,Yolanda,Griffith,Yolanda Griffith,Yolanda Griffith,Y. Griffith,75.0,"6' 3""",175.0,175 lbs,56,1970-03-01T08:00Z,,,,,0,Not Available,NA,Not Available,2226,,,,2,Inactive,inactive,,,,false
2005,195,7febcfeb-561f-23e4-d49f-c8fdaa972410,s:40~l:59~a:195,gordana-grubin,basketball,Gordana,Grubin,Gordana Grubin,Gordana Grubin,G. Grubin,71.0,"5' 11""",165.0,165 lbs,53,1972-08-20T07:00Z,,,,,0,Not Available,NA,Not Available,,,,,2,Inactive,inactive,,,,false
2005,202,ed2da827-a69e-f0ab-9418-560d103e85fe,s:40~l:59~a:202,lisa-harrison,basketball,Lisa,Harrison,Lisa Harrison,Lisa Harrison,L. Harrison,72.0,"6' 0""",164.0,164 lbs,55,1971-01-02T08:00Z,,,,,7,Forward,F,Forward,2633,11,,,2,Inactive,inactive,,,,false
2005,203,9e92e14e-838d-e522-c20c-8d6325336be9,s:40~l:59~a:203,kristi-harrower,basketball,Kristi,Harrower,Kristi Harrower,Kristi Harrower,K. Harrower,64.0,"5' 4""",139.0,139 lbs,51,1975-03-04T07:00Z,,,,,0,Not Available,NA,Not Available,,,,,2,Inactive,inactive,,,,false
2005,209,7b4d78ef-67e2-063f-e000-84bee025de36,s:40~l:59~a:209,jessie-hicks,basketball,Jessie,Hicks,Jessie Hicks,Jessie Hicks,J. Hicks,76.0,"6' 4""",188.0,188 lbs,54,1971-12-02T08:00Z,,,,,0,Not Available,NA,Not Available,120,,,,2,Inactive,inactive,,,,false
2005,213,ef1320d0-a642-68dd-a863-025aa05846fb,s:40~l:59~a:213,chamique-holdsclaw,basketball,Chamique,Holdsclaw,Chamique Holdsclaw,Chamique Holdsclaw,C. Holdsclaw,74.0,"6' 2""",172.0,172 lbs,48,1977-08-09T07:00Z,,,,,7,Forward,F,Forward,2633,16,,,2,Inactive,inactive,,,,false
2005,214,306b3771-e32a-8e85-6bba-348cbf67b2e9,s:40~l:59~a:214,kedra-holland-corn,basketball,Kedra,Holland-Corn,Kedra Holland-Corn,Kedra Holland-Corn,K. Holland-Corn,67.0,"5' 7""",136.0,136 lbs,51,1974-11-05T08:00Z,,,,,0,Not Available,NA,Not Available,61,,,,2,Inactive,inactive,,,,false
2005,219,b444e5a3-e66a-7280-5430-422b65b91416,s:40~l:59~a:219,dalma-ivanyi,basketball,Dalma,Ivanyi,Dalma Ivanyi,Dalma Ivanyi,D. Ivanyi,70.0,"5' 10""",135.0,135 lbs,50,1976-03-18T08:00Z,,,,,0,Not Available,NA,Not Available,2229,,,,2,Inactive,inactive,,,,false
2005,220,0fb25b75-de32-dce1-c400-d1b9a6854cdc,s:40~l:59~a:220,niele-ivey,basketball,Niele,Ivey,Niele Ivey,Niele Ivey,N. Ivey,67.0,"5' 7""",149.0,149 lbs,48,1977-09-24T07:00Z,,,,,0,Not Available,NA,Not Available,87,,,,2,Inactive,inactive,,,,false
2005,221,619117e4-a2be-6d4b-4356-a7d0da59647d,s:40~l:59~a:221,deanna-jackson,basketball,Deanna,Jackson,Deanna Jackson,Deanna Jackson,D. Jackson,74.0,"6' 2""",155.0,155 lbs,46,1979-12-15T08:00Z,,,,,0,Not Available,NA,Not Available,5,,,,2,Inactive,inactive,,,,false
2005,222,852e5dce-ace7-653f-2704-02f16aa0a38f,s:40~l:59~a:222,lauren-jackson,basketball,Lauren,Jackson,Lauren Jackson,Lauren Jackson,L. Jackson,78.0,"6' 6""",187.0,187 lbs,45,1981-05-11T07:00Z,,,,15,7,Forward,F,Forward,,14,,12,2,Inactive,inactive,,,,false
2005,223,fa7767ce-b88d-c072-629f-2cf823565683,s:40~l:59~a:223,tamicha-jackson,basketball,Tamicha,Jackson,Tamicha Jackson,Tamicha Jackson,T. Jackson,66.0,"5' 6""",120.0,120 lbs,48,1978-04-22T08:00Z,,,,,0,Not Available,NA,Not Available,2348,,,,2,Inactive,inactive,,,,false
2005,225,64d09cfa-5902-07ca-fa54-8fe9336de8bc,s:40~l:59~a:225,pollyanna-johns-kimbrough,basketball,Pollyanna,Johns Kimbrough,Pollyanna Johns Kimbrough,Pollyanna Johns Kimbrough,P. Johns Kimbrough,75.0,"6' 3""",165.0,165 lbs,50,1975-11-06T08:00Z,,,,,0,Not Available,NA,Not Available,130,,,,2,Inactive,inactive,,,,false
2005,230,ce7892ae-73cb-3037-b83b-61afc05705c5,s:40~l:59~a:230,shannon-johnson,basketball,Shannon,Johnson,Shannon Johnson,Shannon Johnson,S. Johnson,67.0,"5' 7""",152.0,152 lbs,51,1974-08-18T07:00Z,,,,,0,Not Available,NA,Not Available,2579,,,,2,Inactive,inactive,,,,false
2005,233,fbb2d6ee-8060-cbf4-e929-338420fd0835,s:40~l:59~a:233,tiffani-johnson,basketball,Tiffani,Johnson,Tiffani Johnson,Tiffani Johnson,T. Johnson,76.0,"6' 4""",240.0,240 lbs,50,1975-12-27T08:00Z,,,,,0,Not Available,NA,Not Available,2633,,,,2,Inactive,inactive,,,,false
2005,235,1a6004f9-d582-97cb-8db3-46b4651393cb,s:40~l:59~a:235,asjha-jones,basketball,Asjha,Jones,Asjha Jones,Asjha Jones,A. Jones,74.0,"6' 2""",187.0,187 lbs,45,1980-08-01T07:00Z,,,,15,7,Forward,F,Forward,41,8,,12,2,Inactive,inactive,,,,false
2005,251,512fe799-482c-a1d9-cda7-7050e48e905f,s:40~l:59~a:251,sheila-lambert,basketball,Sheila,Lambert,Sheila Lambert,Sheila Lambert,S. Lambert,67.0,"5' 7""",125.0,125 lbs,45,1980-07-21T07:00Z,,,,,0,Not Available,NA,Not Available,239,,,,2,Inactive,inactive,,,,false
2005,255,0b7de9d7-2761-ed02-b38a-c900e103656f,s:40~l:59~a:255,amanda-lassiter,basketball,Amanda,Lassiter,Amanda Lassiter,Amanda Lassiter,A. Lassiter,73.0,"6' 1""",160.0,160 lbs,47,1979-06-09T07:00Z,,,,,0,Not Available,NA,Not Available,142,,,,2,Inactive,inactive,,,,false
2005,260,3ab09402-2462-dde1-df15-297c90f23216,s:40~l:59~a:260,tynesha-lewis,basketball,Tynesha,Lewis,Tynesha Lewis,Tynesha Lewis,T. Lewis,70.0,"5' 10""",152.0,152 lbs,47,1979-05-08T07:00Z,Macclesfield,NC,USA,25,3,Guard,G,Guard,152,14,,5,2,Inactive,inactive,,,,false
2005,264,10ef7001-a7c0-2688-a22d-fa15d04fc409,s:40~l:59~a:264,stacey-lovelace,basketball,Stacey,Lovelace,Stacey Lovelace,Stacey Lovelace,S. Lovelace,76.0,"6' 4""",170.0,170 lbs,51,1974-12-05T08:00Z,,,,,0,Not Available,NA,Not Available,2509,,,,2,Inactive,inactive,,,,false
2005,270,da9a62fa-fbfd-ac0b-1334-eb6399ad4395,s:40~l:59~a:270,hamchetou-maiga-ba,basketball,Hamchetou,Maiga-Ba,Hamchetou Maiga-Ba,Hamchetou Maiga-Ba,H. Maiga-Ba,73.0,"6' 1""",160.0,160 lbs,48,1978-04-25T08:00Z,,,,,0,Not Available,NA,Not Available,295,,,,2,Inactive,inactive,,,,false
2005,282,172d7437-a975-f305-9f35-7f62b24eb3c7,s:40~l:59~a:282,nikki-mccray-penson,basketball,Nikki,McCray-Penson,Nikki McCray-Penson,Nikki McCray-Penson,N. McCray-Penson,71.0,"5' 11""",158.0,158 lbs,54,1971-12-17T08:00Z,,,,,0,Not Available,NA,Not Available,2633,,,,2,Inactive,inactive,,,,false
2005,286,581fa9f3-a67e-c4f3-04df-790dcbcb798e,s:40~l:59~a:286,taj-mcwilliams-franklin,basketball,Taj,McWilliams-Franklin,Taj McWilliams-Franklin,Taj McWilliams-Franklin,T. McWilliams-Franklin,74.0,"6' 2""",195.0,195 lbs,55,1970-10-20T07:00Z,,,,,7,Forward,F,Forward,244,6,,13,2,Inactive,inactive,,,,false
2005,289,62da6881-0ea1-ab18-6166-64c15ecdc70d,s:40~l:59~a:289,chasity-melvin,basketball,Chasity,Melvin,Chasity Melvin,Chasity Melvin,C. Melvin,75.0,"6' 3""",185.0,185 lbs,50,1976-05-03T07:00Z,,,,,0,Not Available,NA,Not Available,152,,,,2,Inactive,inactive,,,,false
2005,291,ec341401-3507-f464-d04f-5977d51e7310,s:40~l:59~a:291,coco-miller,basketball,Coco,Miller,Coco  Miller,Coco  Miller,C. Miller,69.0,"5' 9""",140.0,140 lbs,47,1978-09-06T04:00Z,Rochester,MN,USA,23,3,Guard,G,Guard,61,6,,,2,Inactive,inactive,,,,false
2005,292,d586536b-3790-3611-267f-a0385d334014,s:40~l:59~a:292,kelly-miller,basketball,Kelly,Miller,Kelly Miller,Kelly Miller,K. Miller,70.0,"5' 10""",140.0,140 lbs,47,1978-09-06T07:00Z,,,,2,3,Guard,G,Guard,61,9,,11,2,Inactive,inactive,,,,false
2005,299,0204fb39-4230-ff85-7f43-6496d8e32ea3,s:40~l:59~a:299,tamara-moore,basketball,Tamara,Moore,Tamara Moore,Tamara Moore,T. Moore,70.0,"5' 10""",176.0,176 lbs,46,1980-04-11T08:00Z,,,,,0,Not Available,NA,Not Available,275,,,,2,Inactive,inactive,,,,false
2005,312,34cdb3c4-b476-ecb0-a3bc-8333be1a36a9,s:40~l:59~a:312,deanna-nolan,basketball,Deanna,Nolan,Deanna  Nolan,Deanna  Nolan,D. Nolan,69.0,"5' 9""",147.0,147 lbs,46,1979-08-25T07:00Z,,,,,3,Guard,G,Guard,61,9,,,2,Inactive,inactive,,,,false
2005,316,7225925f-6034-644a-086b-444534628c04,s:40~l:59~a:316,murriel-page,basketball,Murriel,Page,Murriel Page,Murriel Page,M. Page,74.0,"6' 2""",160.0,160 lbs,50,1975-09-18T07:00Z,,,,,0,Not Available,NA,Not Available,57,,,,2,Inactive,inactive,,,,false
2005,321,fa884071-e923-c734-224e-ca85c5fedb0e,s:40~l:59~a:321,ticha-penicheiro,basketball,Ticha,Penicheiro,Ticha Penicheiro,Ticha Penicheiro,T. Penicheiro,71.0,"5' 11""",146.0,146 lbs,51,1974-09-18T07:00Z,,,,21,3,Guard,G,Guard,295,19,,15,2,Inactive,inactive,,,,false
2005,328,6e0fe65b-1e1d-b7c8-7c83-b8d60f65530c,s:40~l:59~a:328,elaine-powell,basketball,Elaine,Powell,Elaine Powell,Elaine Powell,E. Powell,68.0,"5' 8""",150.0,150 lbs,50,1975-08-09T07:00Z,,,,,0,Not Available,NA,Not Available,99,,,,2,Inactive,inactive,,,,false
2005,331,759f49cb-95b1-e77b-169b-235e8da944c2,s:40~l:59~a:331,felicia-ragland,basketball,Felicia,Ragland,Felicia Ragland,Felicia Ragland,F. Ragland,69.0,"5' 9""",135.0,135 lbs,46,1980-02-03T08:00Z,,,,,0,Not Available,NA,Not Available,204,,,,2,Inactive,inactive,,,,false
2005,333,c7e11c56-5c3a-f8a0-b5c8-2ffba24cc235,s:40~l:59~a:333,semeka-randall,basketball,Semeka,Randall,Semeka Randall,Semeka Randall,S. Randall,68.0,"5' 8""",168.0,168 lbs,47,1979-02-07T08:00Z,,,,,0,Not Available,NA,Not Available,2633,,,,2,Inactive,inactive,,,,false
2005,334,6dd5f6f0-f542-d13a-ede1-e2589bf462fd,s:40~l:59~a:334,kristen-rasmussen,basketball,Kristen,Rasmussen,Kristen Rasmussen,Kristen Rasmussen,K. Rasmussen,74.0,"6' 2""",172.0,172 lbs,47,1978-11-01T08:00Z,,,,,0,Not Available,NA,Not Available,127,,,,2,Inactive,inactive,,,,false
2005,341,2c7bd64f-7f76-9b02-1f8b-1d90ea6ed5c1,s:40~l:59~a:341,ruth-riley,basketball,Ruth,Riley,Ruth Riley,Ruth Riley,R. Riley,77.0,"6' 5""",198.0,198 lbs,46,1979-08-28T07:00Z,,,,00,9,Center,C,Center,87,20,,12,2,Inactive,inactive,,,,false
2005,349,fbcfa5a2-0e72-1c2d-2941-0f71bc732382,s:40~l:59~a:349,nykesha-sales,basketball,Nykesha,Sales,Nykesha Sales,Nykesha Sales,N. Sales,72.0,"6' 0""",175.0,175 lbs,50,1976-05-10T07:00Z,,,,,0,Not Available,NA,Not Available,41,,,,2,Inactive,inactive,,,,false
2005,350,2ec8926a-50c6-6e63-b4f2-cc258cb2cdd2,s:40~l:59~a:350,sheri-sam,basketball,Sheri,Sam,Sheri Sam,Sheri Sam,S. Sam,72.0,"6' 0""",160.0,160 lbs,52,1974-05-05T07:00Z,,,,,7,Forward,F,Forward,238,3,,,2,Inactive,inactive,,,,false
2005,358,b0c99f0d-71ac-8cae-2f68-3d00ff53bcf8,s:40~l:59~a:358,kelly-schumacher,basketball,Kelly,Schumacher,Kelly Schumacher,Kelly Schumacher,K. Schumacher,76.0,"6' 4""",183.0,183 lbs,48,1977-10-14T07:00Z,,,,,0,Not Available,NA,Not Available,41,,,,2,Inactive,inactive,,,,false
2005,359,5975700c-0fb1-cb1e-0646-38ffbad90b1c,s:40~l:59~a:359,olympia-scott,basketball,Olympia,Scott,Olympia Scott,Olympia Scott,O. Scott,74.0,"6' 2""",175.0,175 lbs,49,1976-08-05T07:00Z,,,,,0,Not Available,NA,Not Available,24,,,,2,Inactive,inactive,,,,false
2005,364,557a4cf2-cf0f-e857-1107-51d49d865ab0,s:40~l:59~a:364,charlotte-smith,basketball,Charlotte,Smith,Charlotte Smith,Charlotte Smith,C. Smith,72.0,"6' 0""",148.0,148 lbs,52,1973-08-23T07:00Z,,,,,0,Not Available,NA,Not Available,153,,,,2,Inactive,inactive,,,,false
2005,369,ae914f0a-2301-f15d-5b8c-a9a40690c0bf,s:40~l:59~a:369,tangela-smith,basketball,Tangela,Smith,Tangela  Smith,Tangela  Smith,T. Smith,75.0,"6' 3""",158.0,158 lbs,49,1977-04-01T08:00Z,,,,50,9,Center,C,Center,2294,17,,,2,Inactive,inactive,,,,false
2005,371,b60af1da-789d-48d9-31b4-f34e2b62704e,s:40~l:59~a:371,belinda-snell,basketball,Belinda,Snell,Belinda  Snell,Belinda  Snell,B. Snell,73.0,"6' 1""",165.0,165 lbs,45,1981-01-10T05:00Z,,,,,7,Forward,F,Forward,,11,,,2,Inactive,inactive,,,,false
2005,372,61abd199-1978-1080-aca2-ab5f8bb8eb7d,s:40~l:59~a:372,michelle-snow,basketball,Michelle,Snow,Michelle Snow,Michelle Snow,M. Snow,77.0,"6' 5""",145.0,145 lbs,46,1980-03-20T08:00Z,Pensacola,FL,USA,22,9,Center,C,Center,2633,6,,13,2,Inactive,inactive,,,,false
2005,377,fdca0e4a-0c7d-f9b5-5689-bfa3cae7a40e,s:40~l:59~a:377,maria-stepanova,basketball,Maria,Stepanova,Maria Stepanova,Maria Stepanova,M. Stepanova,80.0,"6' 8""",187.0,187 lbs,47,1979-02-23T08:00Z,,,,,0,Not Available,NA,Not Available,,,,,2,Inactive,inactive,,,,false
2005,380,a096d1f9-fc76-a91e-43c8-107f8f4a6d5c,s:40~l:59~a:380,andrea-stinson,basketball,Andrea,Stinson,Andrea Stinson,Andrea Stinson,A. Stinson,71.0,"5' 11""",158.0,158 lbs,58,1967-11-25T08:00Z,,,,,0,Not Available,NA,Not Available,152,,,,2,Inactive,inactive,,,,false
2005,382,3e15158f-779e-05ce-6b82-fe0d5f5c35a4,s:40~l:59~a:382,jurgita-streimikyte,basketball,Jurgita,Streimikyte,Jurgita Streimikyte,Jurgita Streimikyte,J. Streimikyte,74.0,"6' 2""",165.0,165 lbs,54,1972-05-14T07:00Z,,,,,0,Not Available,NA,Not Available,,,,,2,Inactive,inactive,,,,false
2005,384,1bf5e087-c087-8698-d198-f91d77788a89,s:40~l:59~a:384,tammy-sutton-brown,basketball,Tammy,Sutton-Brown,Tammy  Sutton-Brown,Tammy  Sutton-Brown,T. Sutton-Brown,76.0,"6' 4""",199.0,199 lbs,48,1978-01-27T08:00Z,Markham,ON,Canada,8,9,Center,C,Center,164,5,,12,2,Inactive,inactive,,,,false
2005,385,ce720c86-05a9-638b-f66c-a237e5da9337,s:40~l:59~a:385,sheryl-swoopes,basketball,Sheryl,Swoopes,Sheryl Swoopes,Sheryl Swoopes,S. Swoopes,72.0,"6' 0""",145.0,145 lbs,55,1971-03-25T08:00Z,,,,,0,Not Available,NA,Not Available,2641,,,,2,Inactive,inactive,,,,false
2005,388,c810144b-e28e-ce93-3157-7c2a64e83977,s:40~l:59~a:388,penny-taylor,basketball,Penny,Taylor,Penny Taylor,Penny Taylor,P. Taylor,73.0,"6' 1""",165.0,165 lbs,45,1981-05-24T07:00Z,,,Australia,13,7,Forward,F,Forward,,11,,12,2,Inactive,inactive,,,,false
2005,392,9267ecdb-fa14-de41-0bdd-509cbba64322,s:40~l:59~a:392,stacey-thomas,basketball,Stacey,Thomas,Stacey Thomas,Stacey Thomas,S. Thomas,70.0,"5' 10""",153.0,153 lbs,47,1978-08-29T07:00Z,,,,,0,Not Available,NA,Not Available,130,,,,2,Inactive,inactive,,,,false
2005,393,19e5c45a-bf6a-9eeb-f6f0-01472c8efa85,s:40~l:59~a:393,alicia-thompson,basketball,Alicia,Thompson,Alicia Thompson,Alicia Thompson,A. Thompson,73.0,"6' 1""",180.0,180 lbs,50,1976-06-30T07:00Z,,,,,0,Not Available,NA,Not Available,2641,,,,2,Inactive,inactive,,,,false
2005,394,70450bb1-c7c8-5fae-0133-58e741e8ec02,s:40~l:59~a:394,tina-thompson,basketball,Tina,Thompson,Tina Thompson,Tina Thompson,T. Thompson,74.0,"6' 2""",178.0,178 lbs,51,1975-02-10T08:00Z,,,,7,7,Forward,F,Forward,30,14,,16,2,Inactive,inactive,,,,false
2005,411,de50df03-90e1-792d-fc37-53edbfd51ad7,s:40~l:59~a:411,kamila-vodichkova,basketball,Kamila,Vodichkova,Kamila Vodichkova,Kamila Vodichkova,K. Vodichkova,76.0,"6' 4""",190.0,190 lbs,53,1972-12-19T08:00Z,,,,,0,Not Available,NA,Not Available,,,,,2,Inactive,inactive,,,,false
2005,414,8c7d3f46-9979-7099-9379-7755ceea4c10,s:40~l:59~a:414,ayana-walker,basketball,Ayana,Walker,Ayana Walker,Ayana Walker,A. Walker,75.0,"6' 3""",143.0,143 lbs,46,1979-09-10T07:00Z,,,,,0,Not Available,NA,Not Available,2348,,,,2,Inactive,inactive,,,,false
2005,416,9b96af8d-5c2b-b5d8-0937-f9d0f34b314b,s:40~l:59~a:416,demya-chakheia-walker,basketball,DeMya,Walker,DeMya Chakheia Walker,DeMya Chakheia Walker,D. Walker,75.0,"6' 3""",191.0,191 lbs,48,1977-11-28T08:00Z,Mount Holly,NJ,USA,,7,Forward,F,Forward,258,16,,,2,Inactive,inactive,,,,false
2005,423,b42c96e7-bf08-19cd-6e2a-285300c295b6,s:40~l:59~a:423,ann-wauters,basketball,Ann,Wauters,Ann Wauters,Ann Wauters,A. Wauters,76.0,"6' 4""",185.0,185 lbs,45,1980-10-12T07:00Z,Bilzen,,Belgium,,9,Center,C,Center,,9,,8,2,Inactive,inactive,,,,false
2005,442,2d949ad3-248c-67d4-767e-6948c9397613,s:40~l:59~a:442,brooke-wyckoff,basketball,Brooke,Wyckoff,Brooke Wyckoff,Brooke Wyckoff,B. Wyckoff,73.0,"6' 1""",183.0,183 lbs,46,1980-03-30T08:00Z,,,,,0,Not Available,NA,Not Available,52,,,,2,Inactive,inactive,,,,false
2005,463,570b981e-4edb-61e5-0bc5-70a14cbfa337,s:40~l:59~a:463,chantelle-anderson,basketball,Chantelle,Anderson,Chantelle Anderson,Chantelle Anderson,C. Anderson,78.0,"6' 6""",192.0,192 lbs,45,1981-01-22T08:00Z,,,,,0,Not Available,NA,Not Available,238,,,,2,Inactive,inactive,,,,false
2005,465,c483292f-f418-c154-db25-58af2d5b2453,s:40~l:59~a:465,suzy-batkovic,basketball,Suzy,Batkovic,Suzy Batkovic,Suzy Batkovic,S. Batkovic,77.0,"6' 5""",203.0,203 lbs,45,1980-12-17T08:00Z,,,,8,9,Center,C,Center,,17472,,,2,Inactive,inactive,,,,false
2005,470,62ea866f-2320-4201-e136-821a53f7d93b,s:40~l:59~a:470,coretta-brown,basketball,Coretta,Brown,Coretta Brown,Coretta Brown,C. Brown,69.0,"5' 9""",150.0,150 lbs,45,1980-10-21T07:00Z,,,,,0,Not Available,NA,Not Available,153,,,,2,Inactive,inactive,,,,false
2005,479,e773296b-f65b-e46a-9e90-964834822047,s:40~l:59~a:479,cheryl-ford,basketball,Cheryl,Ford,Cheryl Ford,Cheryl Ford,C. Ford,75.0,"6' 3""",185.0,185 lbs,45,1981-06-06T07:00Z,,,,32,7,Forward,F,Forward,2348,9,,7,2,Inactive,inactive,,,,false
2005,480,b24871ff-d4a2-4676-9530-d6f0cfeaf857,s:40~l:59~a:480,gwen-jackson,basketball,Gwen,Jackson,Gwen Jackson,Gwen Jackson,G. Jackson,74.0,"6' 2""",184.0,184 lbs,45,1980-10-23T07:00Z,,,,,0,Not Available,NA,Not Available,2633,,,,2,Inactive,inactive,,,,false
2005,485,62cb2335-495b-d94f-6ac6-065a9a3d7e24,s:40~l:59~a:485,kara-lawson,basketball,Kara,Lawson,Kara Lawson,Kara Lawson,K. Lawson,69.0,"5' 9""",150.0,150 lbs,45,1981-02-14T08:00Z,,,,20,3,Guard,G,Guard,2633,16,,13,2,Inactive,inactive,,,,false
2005,491,2049d4db-ae2a-7828-3b49-b9cac9601ec2,s:40~l:59~a:491,plenette-pierson,basketball,Plenette,Pierson,Plenette Pierson,Plenette Pierson,P. Pierson,74.0,"6' 2""",178.0,178 lbs,44,1981-08-31T07:00Z,,,,22,7,Forward,F,Forward,2641,8,,14,2,Inactive,inactive,,,,false
2005,509,66d08cc3-5bdb-642c-3b49-a21eccd03345,s:40~l:59~a:509,latoya-thomas,basketball,LaToya,Thomas,LaToya Thomas,LaToya Thomas,L. Thomas,74.0,"6' 2""",165.0,165 lbs,45,1981-07-06T07:00Z,,,,,0,Not Available,NA,Not Available,344,,,,2,Inactive,inactive,,,,false
2005,510,ee2fa712-3f66-bc07-369a-c3ca25f291cb,s:40~l:59~a:510,erin-thorn,basketball,Erin,Thorn,Erin Thorn,Erin Thorn,E. Thorn,70.0,"5' 10""",145.0,145 lbs,45,1981-05-19T07:00Z,,,,12,3,Guard,G,Guard,252,5,,10,2,Inactive,inactive,,,,false
2005,512,aea42993-4db5-6917-255b-fd35f4db04f2,s:40~l:59~a:512,detrina-white,basketball,DeTrina,White,DeTrina White,DeTrina White,D. White,71.0,"5' 11""",180.0,180 lbs,46,1980-04-03T08:00Z,,,,,0,Not Available,NA,Not Available,99,,,,2,Inactive,inactive,,,,false
2005,517,3c031efc-4cc3-14a8-8b12-65cc0c5d6249,s:40~l:59~a:517,octavia-blue,basketball,Octavia,Blue,Octavia Blue,Octavia Blue,O. Blue,73.0,"6' 1""",163.0,163 lbs,50,1976-04-18T08:00Z,,,,,0,Not Available,NA,Not Available,2390,,,,2,Inactive,inactive,,,,false
2005,518,f2675558-669d-31b3-0cfc-24cfe851263e,s:40~l:59~a:518,tai-dillard,basketball,Tai,Dillard,Tai Dillard,Tai Dillard,T. Dillard,69.0,"5' 9""",154.0,154 lbs,45,1981-05-06T07:00Z,San Antonio,TX,USA,,0,Not Available,NA,Not Available,251,,,,2,Inactive,inactive,,,,false
2005,520,073a2127-a80c-c346-0b87-fd359994870e,s:40~l:59~a:520,teana-miller,basketball,Teana,Miller,Teana Miller,Teana Miller,T. Miller,75.0,"6' 3""",211.0,211 lbs,45,1980-10-05T07:00Z,,,,,0,Not Available,NA,Not Available,2655,,,,2,Inactive,inactive,,,,false
2005,522,bf142fe5-d4fb-8c19-209d-d519f18da70e,s:40~l:59~a:522,nakia-sanford,basketball,Nakia,Sanford,Nakia Sanford,Nakia Sanford,N. Sanford,76.0,"6' 4""",190.0,190 lbs,50,1976-05-10T07:00Z,,,,43,7,Forward,F,Forward,2305,14,,9,2,Inactive,inactive,,,,false
2005,534,b54d63cf-43fd-fd83-b3f4-314228ae7aab,s:40~l:59~a:534,jenni-benningfield,basketball,Jenni,Benningfield,Jenni Benningfield,Jenni Benningfield,J. Benningfield,75.0,"6' 3""",185.0,185 lbs,44,1981-10-06T07:00Z,,,,,0,Not Available,NA,Not Available,238,,,,2,Inactive,inactive,,,,false
2005,536,28c9df1d-9aa8-7789-74c9-fd8d28a745a4,s:40~l:59~a:536,kelly-mazzante,basketball,Kelly,Mazzante,Kelly Mazzante,Kelly Mazzante,K. Mazzante,72.0,"6' 0""",155.0,155 lbs,44,1982-02-02T08:00Z,,,,,0,Not Available,NA,Not Available,213,,,,2,Inactive,inactive,,,,false
2005,537,25c68618-b3e7-ff3c-8766-040ccf23f749,s:40~l:59~a:537,jia-perkins,basketball,Jia,Perkins,Jia Perkins,Jia Perkins,J. Perkins,68.0,"5' 8""",168.0,168 lbs,44,1982-02-23T08:00Z,,,,7,3,Guard,G,Guard,2641,8,,13,2,Inactive,inactive,,,,false
2005,538,bc2c189d-ac01-0f3b-48c3-9da35cc88e93,s:40~l:59~a:538,nicole-powell,basketball,Nicole,Powell,Nicole Powell,Nicole Powell,N. Powell,74.0,"6' 2""",170.0,170 lbs,44,1982-06-22T07:00Z,,,,14,7,Forward,F,Forward,24,14,,11,2,Inactive,inactive,,,,false
2005,540,8e4ad601-727e-8e60-bf28-37ab7e3c5705,s:40~l:59~a:540,jessica-brungo,basketball,Jessica,Brungo,Jessica Brungo,Jessica Brungo,J. Brungo,73.0,"6' 1""",165.0,165 lbs,44,1982-04-16T08:00Z,,,,,0,Not Available,NA,Not Available,213,,,,2,Inactive,inactive,,,,false
2005,541,75685b51-cdc3-5e94-7552-fa5edb91db90,s:40~l:59~a:541,jennifer-derevjanik,basketball,Jennifer,Derevjanik,Jennifer Derevjanik,Jennifer Derevjanik,J. Derevjanik,70.0,"5' 10""",140.0,140 lbs,44,1982-03-29T08:00Z,,,,,0,Not Available,NA,Not Available,2244,,,,2,Inactive,inactive,,,,false
2005,545,be405dbd-81e4-7ac6-6b81-5e7011df54f7,s:40~l:59~a:545,lindsay-whalen,basketball,Lindsay,Whalen,Lindsay Whalen,Lindsay Whalen,L. Whalen,69.0,"5' 9""",166.0,166 lbs,44,1982-05-09T07:00Z,,,,13,3,Guard,G,Guard,135,8,,13,2,Inactive,inactive,,,,false
2005,547,2e966ce2-f645-2a49-3eee-8b677f6ee022,s:40~l:59~a:547,chandi-jones,basketball,Chandi,Jones,Chandi Jones,Chandi Jones,C. Jones,69.0,"5' 9""",150.0,150 lbs,44,1982-03-25T08:00Z,,,,,0,Not Available,NA,Not Available,248,,,,2,Inactive,inactive,,,,false
2005,549,042de1f4-2322-dd11-e96a-f588b2c6a216,s:40~l:59~a:549,jennifer-smith,basketball,Jennifer,Smith,Jennifer Smith,Jennifer Smith,J. Smith,76.0,"6' 4""",198.0,198 lbs,44,1982-04-10T08:00Z,,,,,0,Not Available,NA,Not Available,130,,,,2,Inactive,inactive,,,,false
2005,551,2357b824-daff-bb3e-1d56-a8de05f35751,s:40~l:59~a:551,ebony-hoffman,basketball,Ebony,Hoffman,Ebony Hoffman,Ebony Hoffman,E. Hoffman,73.0,"6' 1""",186.0,186 lbs,43,1982-08-27T07:00Z,,,,16,7,Forward,F,Forward,30,18,,10,2,Inactive,inactive,,,,false
2005,554,6f4a6441-b724-1b21-8c9b-88f3602d4c2d,s:40~l:59~a:554,doneeka-lewis,basketball,Doneeka,Lewis,Doneeka  Lewis,Doneeka  Lewis,D. Lewis,69.0,"5' 9""",160.0,160 lbs,43,1982-07-19T07:00Z,,,,6,3,Guard,G,Guard,2353,3,,,2,Inactive,inactive,,,,false
2005,555,a8f59632-9bf6-2209-d289-ebe8fe8988dc,s:40~l:59~a:555,laura-macchi,basketball,Laura,Macchi,Laura Macchi,Laura Macchi,L. Macchi,73.0,"6' 1""",169.0,169 lbs,47,1979-05-24T07:00Z,,,,,0,Not Available,NA,Not Available,,,,,2,Inactive,inactive,,,,false
2005,556,1acd578a-0035-4ee5-e4ce-bc160a5971c3,s:40~l:59~a:556,raffaella-masciadri,basketball,Raffaella,Masciadri,Raffaella Masciadri,Raffaella Masciadri,R. Masciadri,72.0,"6' 0""",169.0,169 lbs,45,1980-09-30T07:00Z,,,,,0,Not Available,NA,Not Available,,,,,2,Inactive,inactive,,,,false
2005,558,2e913668-39a2-654d-97fe-c587cf2c1cfa,s:40~l:59~a:558,christi-thomas,basketball,Christi,Thomas,Christi Thomas,Christi Thomas,C. Thomas,75.0,"6' 3""",185.0,185 lbs,43,1982-08-14T07:00Z,,,,,0,Not Available,NA,Not Available,61,,,,2,Inactive,inactive,,,,false
2005,561,4530f9f8-94e2-9569-4945-c4e90b56bd3c,s:40~l:59~a:561,vanessa-hayden-johnson,basketball,Vanessa,Hayden-Johnson,Vanessa Hayden-Johnson,Vanessa Hayden-Johnson,V. Hayden-Johnson,76.0,"6' 4""",240.0,240 lbs,44,1982-06-05T07:00Z,,,,,0,Not Available,NA,Not Available,57,,,,2,Inactive,inactive,,,,false
2005,562,8ebd1b2d-f378-d79b-c79b-c5338730f172,s:40~l:59~a:562,amber-jacobs,basketball,Amber,Jacobs,Amber Jacobs,Amber Jacobs,A. Jacobs,68.0,"5' 8""",152.0,152 lbs,44,1982-06-29T07:00Z,,,,,0,Not Available,NA,Not Available,103,,,,2,Inactive,inactive,,,,false
2005,563,83179b66-2bb9-3513-c096-36b19e6e804a,s:40~l:59~a:563,nicole-ohlde,basketball,Nicole,Ohlde,Nicole Ohlde,Nicole Ohlde,N. Ohlde,77.0,"6' 5""",180.0,180 lbs,44,1982-03-12T08:00Z,,,,,0,Not Available,NA,Not Available,2306,,,,2,Inactive,inactive,,,,false
2005,565,d9e81b40-b398-9cbf-bcb4-6e76f99eddc0,s:40~l:59~a:565,amisha-carter,basketball,Amisha,Carter,Amisha Carter,Amisha Carter,A. Carter,74.0,"6' 2""",185.0,185 lbs,44,1982-06-21T07:00Z,,,,,0,Not Available,NA,Not Available,2348,,,,2,Inactive,inactive,,,,false
2005,566,d3d49a60-7aa2-1a6c-79d2-621652761281,s:40~l:59~a:566,shameka-christon,basketball,Shameka,Christon,Shameka Christon,Shameka Christon,S. Christon,75.0,"6' 3""",192.0,192 lbs,44,1982-02-15T08:00Z,,,,20,7,Forward,F,Forward,8,11,,11,2,Inactive,inactive,,,,false
2005,571,6354242e-891d-c001-902f-33cd612ee0bb,s:40~l:59~a:571,rebekkah-brunson,basketball,Rebekkah,Brunson,Rebekkah Brunson,Rebekkah Brunson,R. Brunson,74.0,"6' 2""",185.0,185 lbs,44,1981-12-11T08:00Z,,,,32,7,Forward,F,Forward,46,8,,13,2,Inactive,inactive,,,,false
2005,574,89ebd843-8765-3bf5-e28a-91f0e7f00cc9,s:40~l:59~a:574,nuria-martinez,basketball,Nuria,Martinez,Nuria Martinez,Nuria Martinez,N. Martinez,69.0,"5' 9""",175.0,175 lbs,42,1984-02-29T08:00Z,,,,,0,Not Available,NA,Not Available,,,,,2,Inactive,inactive,,,,false
2005,576,b031e52e-c5c0-e89c-0b94-4aabcf4011ff,s:40~l:59~a:576,agnieszka-bibrzycka,basketball,Agnieszka,Bibrzycka,Agnieszka Bibrzycka,Agnieszka Bibrzycka,A. Bibrzycka,74.0,"6' 2""",168.0,168 lbs,43,1982-10-21T07:00Z,,,,,0,Not Available,NA,Not Available,,,,,2,Inactive,inactive,,,,false
2005,577,9986b493-8e9f-f74a-1a4f-e23e44ff9fd6,s:40~l:59~a:577,mandisa-stevenson,basketball,Mandisa,Stevenson,Mandisa Stevenson,Mandisa Stevenson,M. Stevenson,75.0,"6' 3""",166.0,166 lbs,44,1982-02-04T08:00Z,,,,,0,Not Available,NA,Not Available,2,,,,2,Inactive,inactive,,,,false
2005,578,7a534e51-65ec-5ad0-929e-c116d07e8123,s:40~l:59~a:578,toccara-williams,basketball,Toccara,Williams,Toccara Williams,Toccara Williams,T. Williams,69.0,"5' 9""",145.0,145 lbs,44,1982-01-11T08:00Z,,,,,0,Not Available,NA,Not Available,245,,,,2,Inactive,inactive,,,,false
2005,581,ac10b64d-f2ca-5310-aeb7-b8a55097d285,s:40~l:59~a:581,alana-beard,basketball,Alana,Beard,Alana Beard,Alana Beard,A. Beard,73.0,"6' 1""",160.0,160 lbs,44,1982-05-14T07:00Z,,,,0,3,Guard,G,Guard,150,6,,11,2,Inactive,inactive,,,,false
2005,582,39a5bb69-440a-3930-937a-c85ce95fe2ac,s:40~l:59~a:582,kaayla-chones,basketball,Kaayla,Chones,Kaayla Chones,Kaayla Chones,K. Chones,75.0,"6' 3""",180.0,180 lbs,45,1981-01-11T08:00Z,,,,,0,Not Available,NA,Not Available,152,,,,2,Inactive,inactive,,,,false
2005,584,e154345a-27ba-22c5-3487-5d601f4ae27a,s:40~l:59~a:584,ashley-robinson,basketball,Ashley,Robinson,Ashley Robinson,Ashley Robinson,A. Robinson,76.0,"6' 4""",180.0,180 lbs,43,1982-08-12T07:00Z,,,,44,9,Center,C,Center,2633,14,,8,2,Inactive,inactive,,,,false
2005,585,af0e2a4e-188a-421e-60ba-0c5f32ad63ad,s:40~l:59~a:585,diana-taurasi,basketball,Diana,Taurasi,Diana Taurasi,Diana Taurasi,D. Taurasi,72.0,"6' 0""",163.0,163 lbs,44,1982-06-11T07:00Z,Glendale,CA,USA,3,3,Guard,G,Guard,41,11,https://a.espncdn.com/i/headshots/wnba/players/full/585.png,19,2,Inactive,inactive,2004,1,1,false
2005,588,9c0bed4d-e1b0-5fa3-79c2-f49e98f77be2,s:40~l:59~a:588,shereka-wright,basketball,Shereka,Wright,Shereka Wright,Shereka Wright,S. Wright,70.0,"5' 10""",155.0,155 lbs,44,1981-09-21T07:00Z,,,,,0,Not Available,NA,Not Available,2509,,,,2,Inactive,inactive,,,,false
2005,592,ac649ece-a932-966f-8179-c16f0b00ac9c,s:40~l:59~a:592,lecoe-willingham,basketball,Le'coe,Willingham,Le'coe Willingham,Le'coe Willingham,L. Willingham,72.0,"6' 0""",200.0,200 lbs,45,1981-02-10T08:00Z,,,,43,7,Forward,F,Forward,2,20,,9,2,Inactive,inactive,,,,false
2005,596,675a268d-ddb6-d5fb-6caa-c8e970575222,s:40~l:59~a:596,isabel-sanchez,basketball,Isabel,Sanchez,Isabel Sanchez,Isabel Sanchez,I. Sanchez,,,,,,,,,,,0,Not Available,NA,Not Available,,,,,2,Inactive,inactive,,,,false
2005,599,b1372bb6-8e3b-19ee-cbf4-b4a447ea1363,s:40~l:59~a:599,wendy-palmer,basketball,Wendy,Palmer,Wendy Palmer,Wendy Palmer,W. Palmer,74.0,"6' 2""",165.0,165 lbs,51,1974-08-12T07:00Z,,,,,0,Not Available,NA,Not Available,258,,,,2,Inactive,inactive,,,,false
2005,600,10a89279-f67e-2aa4-9054-a0bc6da0c7ad,s:40~l:59~a:600,kendra-wecker,basketball,Kendra,Wecker,Kendra Wecker,Kendra Wecker,K. Wecker,71.0,"5' 11""",172.0,172 lbs,43,1982-12-16T08:00Z,,,,,0,Not Available,NA,Not Available,2306,,,,2,Inactive,inactive,,,,false
2005,601,c13f951f-ae32-274a-37cc-fb07e0d38b14,s:40~l:59~a:601,katie-feenstra,basketball,Katie,Feenstra,Katie Feenstra,Katie Feenstra,K. Feenstra,80.0,"6' 8""",240.0,240 lbs,43,1982-11-17T08:00Z,,,,,0,Not Available,NA,Not Available,2335,,,,2,Inactive,inactive,,,,false
2005,602,1cc5b37f-b313-79fc-f23c-4ddce5088574,s:40~l:59~a:602,shyra-ely-gash,basketball,Shyra,Ely-Gash,Shyra  Ely-Gash,Shyra  Ely-Gash,S. Ely-Gash,74.0,"6' 2""",182.0,182 lbs,42,1983-08-09T07:00Z,Indianapolis,IN,,43,7,Forward,F,Forward,2633,5,,,2,Inactive,inactive,,,,false
2005,603,c055aa40-fb72-6357-1965-dbf1ab085cc8,s:40~l:59~a:603,cathrine-kraayeveld,basketball,Cathrine,Kraayeveld,Cathrine Kraayeveld,Cathrine Kraayeveld,C. Kraayeveld,75.0,"6' 3""",183.0,183 lbs,44,1981-09-30T07:00Z,Kirkland,WA,USA,6,7,Forward,F,Forward,2483,17,,8,2,Inactive,inactive,,,,false
2005,604,b5915a3e-caf9-a7f9-82f7-5114aefe4cd6,s:40~l:59~a:604,temeka-johnson,basketball,Temeka,Johnson,Temeka Johnson,Temeka Johnson,T. Johnson,63.0,"5' 3""",142.0,142 lbs,43,1982-09-06T07:00Z,,,,2,3,Guard,G,Guard,99,6,,11,2,Inactive,inactive,,,,false
2005,608,389ca9ea-a959-c652-486d-65d8e388d100,s:40~l:59~a:608,roneeka-hodges,basketball,Roneeka,Hodges,Roneeka Hodges,Roneeka Hodges,R. Hodges,71.0,"5' 11""",165.0,165 lbs,43,1982-07-19T07:00Z,,,,15,7,Forward,F,Forward,52,17,,11,2,Inactive,inactive,,,,false
2005,609,debaefea-d90b-13c5-3f23-efe93ab3c690,s:40~l:59~a:609,sancho-lyttle,basketball,Sancho,Lyttle,Sancho Lyttle,Sancho Lyttle,S. Lyttle,76.0,"6' 4""",175.0,175 lbs,42,1983-09-20T07:00Z,,,,31,7,Forward,F,Forward,248,11,,12,2,Inactive,inactive,,,,false
2005,610,2aa62ba3-b79f-bdef-a011-cd05f12b3fa5,s:40~l:59~a:610,laurie-koehn,basketball,Laurie,Koehn,Laurie  Koehn,Laurie  Koehn,L. Koehn,68.0,"5' 8""",145.0,145 lbs,44,1982-05-13T07:00Z,,,,,3,Guard,G,Guard,2306,11,,,2,Inactive,inactive,,,,false
2005,614,9688c8c5-fe08-7c9c-2c3a-61ad6af5122c,s:40~l:59~a:614,loree-moore,basketball,Loree,Moore,Loree  Moore,Loree  Moore,L. Moore,70.0,"5' 10""",165.0,165 lbs,43,1983-03-21T08:00Z,,,,9,3,Guard,G,Guard,2633,9,,,2,Inactive,inactive,,,,false
2005,618,91b352f8-dd0d-b1fb-5f89-8fabf769c145,s:40~l:59~a:618,tanisha-wright,basketball,Tanisha,Wright,Tanisha Wright,Tanisha Wright,T. Wright,71.0,"5' 11""",165.0,165 lbs,42,1983-11-29T08:00Z,,,,30,3,Guard,G,Guard,213,9,,13,2,Inactive,inactive,,,,false
2005,619,145dc17f-4b33-7598-a049-51abb22759d8,s:40~l:59~a:619,ashley-battle,basketball,Ashley,Battle,Ashley Battle,Ashley Battle,A. Battle,72.0,"6' 0""",183.0,183 lbs,44,1982-05-31T07:00Z,,,,,0,Not Available,NA,Not Available,41,,,,2,Inactive,inactive,,,,false
2005,620,4a4a4f95-74b2-e85c-9658-a8c4e9147567,s:40~l:59~a:620,marlous-nieuwveen,basketball,Marlous,Nieuwveen,Marlous Nieuwveen,Marlous Nieuwveen,M. Nieuwveen,,,,,21,2005-03-10T08:00Z,,,,,0,Not Available,NA,Not Available,,,,,2,Inactive,inactive,,,,false
2005,622,65a80170-e2ff-c82c-5b32-42c8af229361,s:40~l:59~a:622,tan-white,basketball,Tan,White,Tan White,Tan White,T. White,67.0,"5' 7""",154.0,154 lbs,43,1982-09-27T07:00Z,,,,5,3,Guard,G,Guard,344,8,,10,2,Inactive,inactive,,,,false
2005,623,0853ff17-81d2-e9c8-44ef-d64c36131ae3,s:40~l:59~a:623,yolanda-paige,basketball,Yolanda,Paige,Yolanda Paige,Yolanda Paige,Y. Paige,66.0,"5' 6""",147.0,147 lbs,42,1983-09-18T07:00Z,,,,,0,Not Available,NA,Not Available,277,,,,2,Inactive,inactive,,,,false
2005,625,b01e97e9-1f0e-02d1-da4e-b1f5a33adc68,s:40~l:59~a:625,angelina-williams,basketball,Angelina,Williams,Angelina Williams,Angelina Williams,A. Williams,72.0,"6' 0""",150.0,150 lbs,42,1983-07-21T07:00Z,,,,,0,Not Available,NA,Not Available,356,,,,2,Inactive,inactive,,,,false
2005,626,cec0b14f-d8d1-2a3f-1a29-d6f81ff69e5d,s:40~l:59~a:626,sandora-irvin,basketball,Sandora,Irvin,Sandora Irvin,Sandora Irvin,S. Irvin,75.0,"6' 3""",185.0,185 lbs,44,1982-02-23T08:00Z,,,,,0,Not Available,NA,Not Available,2628,,,,2,Inactive,inactive,,,,false
2005,632,12a0029a-ffd6-9652-2c7d-96ced3b1c0cc,s:40~l:59~a:632,jamie-carey,basketball,Jamie,Carey,Jamie Carey,Jamie Carey,J. Carey,66.0,"5' 6""",135.0,135 lbs,45,1981-03-12T08:00Z,,,,,0,Not Available,NA,Not Available,251,,,,2,Inactive,inactive,,,,false
2005,633,8a4f3d73-f00e-8250-d357-9fe266176f3a,s:40~l:59~a:633,sui-feifei,basketball,Sui,Feifei,Sui Feifei,Sui Feifei,S. Feifei,73.0,"6' 1""",162.0,162 lbs,47,1979-01-29T08:00Z,,,,,0,Not Available,NA,Not Available,,,,,2,Inactive,inactive,,,,false
2005,634,efd8864a-8f18-2924-eb99-149f1daa2ae4,s:40~l:59~a:634,miao-lijie,basketball,Miao,Lijie,Miao Lijie,Miao Lijie,M. Lijie,71.0,"5' 11""",153.0,153 lbs,45,1981-06-03T07:00Z,,,,,0,Not Available,NA,Not Available,,,,,2,Inactive,inactive,,,,false
2005,636,6093adec-7d0e-a615-4217-4c49e29b83e2,s:40~l:59~a:636,kristin-haynie,basketball,Kristin,Haynie,Kristin Haynie,Kristin Haynie,K. Haynie,69.0,"5' 9""",147.0,147 lbs,43,1983-06-17T07:00Z,,,,,0,Not Available,NA,Not Available,127,,,,2,Inactive,inactive,,,,false
2005,637,f0af047d-c901-5b7b-46c2-bc02ed0f38c1,s:40~l:59~a:637,chelsea-newton,basketball,Chelsea,Newton,Chelsea Newton,Chelsea Newton,C. Newton,71.0,"5' 11""",150.0,150 lbs,43,1983-02-17T08:00Z,,,,,0,Not Available,NA,Not Available,164,,,,2,Inactive,inactive,,,,false
2005,639,6dc62ed3-557b-9ad6-de73-185d8ab121b3,s:40~l:59~a:639,laura-summerton,basketball,Laura,Summerton,Laura Summerton,Laura Summerton,L. Summerton,74.0,"6' 2""",167.0,167 lbs,42,1983-12-13T08:00Z,,,,,0,Not Available,NA,Not Available,,,,,2,Inactive,inactive,,,,false
2005,640,f440542f-e4ff-4f31-e4d2-7a21abf5d9c5,s:40~l:59~a:640,kara-braxton,basketball,Kara,Braxton,Kara Braxton,Kara Braxton,K. Braxton,78.0,"6' 6""",228.0,228 lbs,43,1983-02-18T08:00Z,,,,45,7,Forward,F,Forward,61,20,,9,2,Inactive,inactive,,,,false
2005,641,fb5173e2-1fc2-6ed8-2d8d-e2c7c8807a9d,s:40~l:59~a:641,francesca-zara,basketball,Francesca,Zara,Francesca Zara,Francesca Zara,F. Zara,70.0,"5' 10""",146.0,146 lbs,49,1976-12-08T08:00Z,,,,,0,Not Available,NA,Not Available,,,,,2,Inactive,inactive,,,,false
2005,642,9ce668b4-8cba-7733-bf93-d927b1a2a1ff,s:40~l:59~a:642,janel-mccarville,basketball,Janel,McCarville,Janel McCarville,Janel McCarville,J. McCarville,74.0,"6' 2""",218.0,218 lbs,43,1982-11-03T08:00Z,,,,4,9,Center,C,Center,135,8,,8,2,Inactive,inactive,,,,false
2005,643,94a558cd-5431-794c-5998-564bcb157cd1,s:40~l:59~a:643,edwige-lawson-wade,basketball,Edwige,Lawson-Wade,Edwige Lawson-Wade,Edwige Lawson-Wade,E. Lawson-Wade,66.0,"5' 6""",130.0,130 lbs,47,1979-05-14T07:00Z,,,,,0,Not Available,NA,Not Available,,,,,2,Inactive,inactive,,,,false
2005,644,aa6e5c8f-d517-6ab9-be73-b4069b6f2a24,s:40~l:59~a:644,jacqueline-batteast,basketball,Jacqueline,Batteast,Jacqueline Batteast,Jacqueline Batteast,J. Batteast,74.0,"6' 2""",175.0,175 lbs,43,1983-03-26T08:00Z,,,,,0,Not Available,NA,Not Available,87,,,,2,Inactive,inactive,,,,false
2005,645,857c7219-49a6-2fae-3d20-85d63051db54,s:40~l:59~a:645,kristen-mann,basketball,Kristen,Mann,Kristen Mann,Kristen Mann,K. Mann,73.0,"6' 1""",185.0,185 lbs,42,1983-08-10T07:00Z,,,,44,7,Forward,F,Forward,2540,14,,6,2,Inactive,inactive,,,,false
2005,646,f03637f1-aa75-018b-058f-f84817277c21,s:40~l:59~a:646,jessica-moore,basketball,Jessica,Moore,Jessica  Moore,Jessica  Moore,J. Moore,75.0,"6' 3""",175.0,175 lbs,44,1982-07-09T07:00Z,,,,31,7,Forward,F,Forward,41,16,,8,2,Inactive,inactive,,,,false
2005,647,1ac58f4b-361b-d3a0-2a15-9f1ad0b5a67a,s:40~l:59~a:647,natalia-vodopyonova,basketball,Natalia,Vodopyonova,Natalia Vodopyonova,Natalia Vodopyonova,N. Vodopyonova,75.0,"6' 3""",181.0,181 lbs,45,1981-04-06T08:00Z,,,,,0,Not Available,NA,Not Available,,,,,2,Inactive,inactive,,,,false
2005,649,8a602606-8650-bfc9-1726-b8896e33ec39,s:40~l:59~a:649,susan-borchardt,basketball,Susan,Borchardt,Susan Borchardt,Susan Borchardt,S. Borchardt,67.0,"5' 7""",145.0,145 lbs,44,1981-07-27T07:00Z,,,,,0,Not Available,NA,Not Available,,,,,2,Inactive,inactive,,,,false
2005,650,35138975-7b84-021d-ba06-e9d25eba346a,s:40~l:59~a:650,caity-matter,basketball,Caity,Matter,Caity Matter,Caity Matter,C. Matter,69.0,"5' 9""",167.0,167 lbs,43,1982-08-22T07:00Z,,,,,0,Not Available,NA,Not Available,194,,,,2,Inactive,inactive,,,,false
