season,group_id,group_name,group_abbreviation,group_short_name,team_id,team_uid,team_slug,team_location,team_name,team_abbreviation,team_display_name,team_short_display_name,team_color,team_alternate_color,team_logo,stat_name,stat_display_name,stat_short_display_name,stat_description,stat_abbreviation,stat_type,display_value,value
2017,1,Eastern Conference,E,,9,s:40~l:59~t:9,,New York,Liberty,NY,New York Liberty,Liberty,,,https://a.espncdn.com/i/teamlogos/wnba/500/ny.png,avgPointsAgainst,Opponent Points Per Game,OPP PPG,Opponent Points Per Game,OPP PPG,avgpointsagainst,76.6,76.588234
2017,1,Eastern Conference,E,,9,s:40~l:59~t:9,,New York,Liberty,NY,New York Liberty,Liberty,,,https://a.espncdn.com/i/teamlogos/wnba/500/ny.png,avgPointsFor,Points Per Game,PPG,Points Per Game,PPG,avgpointsfor,79.7,79.70588
2017,1,Eastern Conference,E,,9,s:40~l:59~t:9,,New York,Liberty,NY,New York Liberty,Liberty,,,https://a.espncdn.com/i/teamlogos/wnba/500/ny.png,clincher,Clincher,CLINCH,Clinched Playoff Berth,CLINCH,clincher,x,1.0
2017,1,Eastern Conference,E,,9,s:40~l:59~t:9,,New York,Liberty,NY,New York Liberty,Liberty,,,https://a.espncdn.com/i/teamlogos/wnba/500/ny.png,differential,Average Point Differential,DIFF,Average Point Differential,DIFF,differential,+3.1,3.10000000000001
2017,1,Eastern Conference,E,,9,s:40~l:59~t:9,,New York,Liberty,NY,New York Liberty,Liberty,,,https://a.espncdn.com/i/teamlogos/wnba/500/ny.png,divisionWinPercent,Division Win Percentage,DPCT,Division Winning Percentage,DPCT,divisionwinpercent,0.000,0.0
2017,1,Eastern Conference,E,,9,s:40~l:59~t:9,,New York,Liberty,NY,New York Liberty,Liberty,,,https://a.espncdn.com/i/teamlogos/wnba/500/ny.png,gamesBehind,Games Back,GB,Games Back,GB,gamesbehind,-,0.0
2017,1,Eastern Conference,E,,9,s:40~l:59~t:9,,New York,Liberty,NY,New York Liberty,Liberty,,,https://a.espncdn.com/i/teamlogos/wnba/500/ny.png,leagueWinPercent,League Win Percentage,LPCT,League Winning Percentage,LPCT,leaguewinpercent,0.688,0.6875
2017,1,Eastern Conference,E,,9,s:40~l:59~t:9,,New York,Liberty,NY,New York Liberty,Liberty,,,https://a.espncdn.com/i/teamlogos/wnba/500/ny.png,losses,Losses,L,Losses,L,losses,12,12.0
2017,1,Eastern Conference,E,,9,s:40~l:59~t:9,,New York,Liberty,NY,New York Liberty,Liberty,,,https://a.espncdn.com/i/teamlogos/wnba/500/ny.png,playoffSeed,Position,POS,Playoff Seed,SEED,playoffseed,1,1.0
2017,1,Eastern Conference,E,,9,s:40~l:59~t:9,,New York,Liberty,NY,New York Liberty,Liberty,,,https://a.espncdn.com/i/teamlogos/wnba/500/ny.png,pointDifferential,Point Differential,DIFF,Point Differential,DIFF,pointdifferential,+106,106.0
2017,1,Eastern Conference,E,,9,s:40~l:59~t:9,,New York,Liberty,NY,New York Liberty,Liberty,,,https://a.espncdn.com/i/teamlogos/wnba/500/ny.png,points,Points,PTS,Total Points,PTS,points,5.0,5.0
2017,1,Eastern Conference,E,,9,s:40~l:59~t:9,,New York,Liberty,NY,New York Liberty,Liberty,,,https://a.espncdn.com/i/teamlogos/wnba/500/ny.png,pointsAgainst,Points Against,PA,Total Points Against,PA,pointsagainst,2604,2604.0
2017,1,Eastern Conference,E,,9,s:40~l:59~t:9,,New York,Liberty,NY,New York Liberty,Liberty,,,https://a.espncdn.com/i/teamlogos/wnba/500/ny.png,pointsFor,Points For,PF,Total Points For,PF,pointsfor,2710,2710.0
2017,1,Eastern Conference,E,,9,s:40~l:59~t:9,,New York,Liberty,NY,New York Liberty,Liberty,,,https://a.espncdn.com/i/teamlogos/wnba/500/ny.png,streak,Streak,STRK,Current Streak,STRK,streak,W10,10.0
2017,1,Eastern Conference,E,,9,s:40~l:59~t:9,,New York,Liberty,NY,New York Liberty,Liberty,,,https://a.espncdn.com/i/teamlogos/wnba/500/ny.png,winPercent,Win Percentage,PCT,Winning Percentage,PCT,winpercent,.647,0.64705884
2017,1,Eastern Conference,E,,9,s:40~l:59~t:9,,New York,Liberty,NY,New York Liberty,Liberty,,,https://a.espncdn.com/i/teamlogos/wnba/500/ny.png,wins,Wins,W,Wins,W,wins,22,22.0
2017,1,Eastern Conference,E,,9,s:40~l:59~t:9,,New York,Liberty,NY,New York Liberty,Liberty,,,https://a.espncdn.com/i/teamlogos/wnba/500/ny.png,gamesAhead,Games Ahead,GA,Games Ahead,GA,gamesahead,-,0.0
2017,1,Eastern Conference,E,,9,s:40~l:59~t:9,,New York,Liberty,NY,New York Liberty,Liberty,,,https://a.espncdn.com/i/teamlogos/wnba/500/ny.png,overall,Overall,OVER,Overall Record,Total,total,22-12,
2017,1,Eastern Conference,E,,9,s:40~l:59~t:9,,New York,Liberty,NY,New York Liberty,Liberty,,,https://a.espncdn.com/i/teamlogos/wnba/500/ny.png,Home,Home,HOME,Home Record,,home,13-4,
2017,1,Eastern Conference,E,,9,s:40~l:59~t:9,,New York,Liberty,NY,New York Liberty,Liberty,,,https://a.espncdn.com/i/teamlogos/wnba/500/ny.png,Road,Road,AWAY,Away Record,,road,9-8,
2017,1,Eastern Conference,E,,9,s:40~l:59~t:9,,New York,Liberty,NY,New York Liberty,Liberty,,,https://a.espncdn.com/i/teamlogos/wnba/500/ny.png,vs. Div.,DIV,DIV,Division Record,,vsdiv,0-0,
2017,1,Eastern Conference,E,,9,s:40~l:59~t:9,,New York,Liberty,NY,New York Liberty,Liberty,,,https://a.espncdn.com/i/teamlogos/wnba/500/ny.png,vs. Conf.,CONF,CONF,Conference Record,,vsconf,11-5,
2017,1,Eastern Conference,E,,9,s:40~l:59~t:9,,New York,Liberty,NY,New York Liberty,Liberty,,,https://a.espncdn.com/i/teamlogos/wnba/500/ny.png,Last Ten Games,Last Ten Games,L10,Record last 10 games,Last Ten,lasttengames,10-0,
2017,1,Eastern Conference,E,,18,s:40~l:59~t:18,,Connecticut,Sun,CON,Connecticut Sun,Sun,,,https://a.espncdn.com/i/teamlogos/wnba/500/con.png,avgPointsAgainst,Opponent Points Per Game,OPP PPG,Opponent Points Per Game,OPP PPG,avgpointsagainst,81.6,81.588234
2017,1,Eastern Conference,E,,18,s:40~l:59~t:18,,Connecticut,Sun,CON,Connecticut Sun,Sun,,,https://a.espncdn.com/i/teamlogos/wnba/500/con.png,avgPointsFor,Points Per Game,PPG,Points Per Game,PPG,avgpointsfor,86.0,86.0
2017,1,Eastern Conference,E,,18,s:40~l:59~t:18,,Connecticut,Sun,CON,Connecticut Sun,Sun,,,https://a.espncdn.com/i/teamlogos/wnba/500/con.png,clincher,Clincher,CLINCH,Clinched Playoff Berth,CLINCH,clincher,x,1.0
2017,1,Eastern Conference,E,,18,s:40~l:59~t:18,,Connecticut,Sun,CON,Connecticut Sun,Sun,,,https://a.espncdn.com/i/teamlogos/wnba/500/con.png,differential,Average Point Differential,DIFF,Average Point Differential,DIFF,differential,+4.4,4.40000000000001
2017,1,Eastern Conference,E,,18,s:40~l:59~t:18,,Connecticut,Sun,CON,Connecticut Sun,Sun,,,https://a.espncdn.com/i/teamlogos/wnba/500/con.png,divisionWinPercent,Division Win Percentage,DPCT,Division Winning Percentage,DPCT,divisionwinpercent,0.000,0.0
2017,1,Eastern Conference,E,,18,s:40~l:59~t:18,,Connecticut,Sun,CON,Connecticut Sun,Sun,,,https://a.espncdn.com/i/teamlogos/wnba/500/con.png,gamesBehind,Games Back,GB,Games Back,GB,gamesbehind,1,1.0
2017,1,Eastern Conference,E,,18,s:40~l:59~t:18,,Connecticut,Sun,CON,Connecticut Sun,Sun,,,https://a.espncdn.com/i/teamlogos/wnba/500/con.png,leagueWinPercent,League Win Percentage,LPCT,League Winning Percentage,LPCT,leaguewinpercent,0.625,0.625
2017,1,Eastern Conference,E,,18,s:40~l:59~t:18,,Connecticut,Sun,CON,Connecticut Sun,Sun,,,https://a.espncdn.com/i/teamlogos/wnba/500/con.png,losses,Losses,L,Losses,L,losses,13,13.0
2017,1,Eastern Conference,E,,18,s:40~l:59~t:18,,Connecticut,Sun,CON,Connecticut Sun,Sun,,,https://a.espncdn.com/i/teamlogos/wnba/500/con.png,playoffSeed,Position,POS,Playoff Seed,SEED,playoffseed,2,2.0
2017,1,Eastern Conference,E,,18,s:40~l:59~t:18,,Connecticut,Sun,CON,Connecticut Sun,Sun,,,https://a.espncdn.com/i/teamlogos/wnba/500/con.png,pointDifferential,Point Differential,DIFF,Point Differential,DIFF,pointdifferential,+150,150.0
2017,1,Eastern Conference,E,,18,s:40~l:59~t:18,,Connecticut,Sun,CON,Connecticut Sun,Sun,,,https://a.espncdn.com/i/teamlogos/wnba/500/con.png,points,Points,PTS,Total Points,PTS,points,4.0,4.0
2017,1,Eastern Conference,E,,18,s:40~l:59~t:18,,Connecticut,Sun,CON,Connecticut Sun,Sun,,,https://a.espncdn.com/i/teamlogos/wnba/500/con.png,pointsAgainst,Points Against,PA,Total Points Against,PA,pointsagainst,2774,2774.0
2017,1,Eastern Conference,E,,18,s:40~l:59~t:18,,Connecticut,Sun,CON,Connecticut Sun,Sun,,,https://a.espncdn.com/i/teamlogos/wnba/500/con.png,pointsFor,Points For,PF,Total Points For,PF,pointsfor,2924,2924.0
2017,1,Eastern Conference,E,,18,s:40~l:59~t:18,,Connecticut,Sun,CON,Connecticut Sun,Sun,,,https://a.espncdn.com/i/teamlogos/wnba/500/con.png,streak,Streak,STRK,Current Streak,STRK,streak,L2,-2.0
2017,1,Eastern Conference,E,,18,s:40~l:59~t:18,,Connecticut,Sun,CON,Connecticut Sun,Sun,,,https://a.espncdn.com/i/teamlogos/wnba/500/con.png,winPercent,Win Percentage,PCT,Winning Percentage,PCT,winpercent,.618,0.61764705
2017,1,Eastern Conference,E,,18,s:40~l:59~t:18,,Connecticut,Sun,CON,Connecticut Sun,Sun,,,https://a.espncdn.com/i/teamlogos/wnba/500/con.png,wins,Wins,W,Wins,W,wins,21,21.0
2017,1,Eastern Conference,E,,18,s:40~l:59~t:18,,Connecticut,Sun,CON,Connecticut Sun,Sun,,,https://a.espncdn.com/i/teamlogos/wnba/500/con.png,gamesAhead,Games Ahead,GA,Games Ahead,GA,gamesahead,-,0.0
2017,1,Eastern Conference,E,,18,s:40~l:59~t:18,,Connecticut,Sun,CON,Connecticut Sun,Sun,,,https://a.espncdn.com/i/teamlogos/wnba/500/con.png,overall,Overall,OVER,Overall Record,Total,total,21-13,
2017,1,Eastern Conference,E,,18,s:40~l:59~t:18,,Connecticut,Sun,CON,Connecticut Sun,Sun,,,https://a.espncdn.com/i/teamlogos/wnba/500/con.png,Home,Home,HOME,Home Record,,home,12-5,
2017,1,Eastern Conference,E,,18,s:40~l:59~t:18,,Connecticut,Sun,CON,Connecticut Sun,Sun,,,https://a.espncdn.com/i/teamlogos/wnba/500/con.png,Road,Road,AWAY,Away Record,,road,9-8,
2017,1,Eastern Conference,E,,18,s:40~l:59~t:18,,Connecticut,Sun,CON,Connecticut Sun,Sun,,,https://a.espncdn.com/i/teamlogos/wnba/500/con.png,vs. Div.,DIV,DIV,Division Record,,vsdiv,0-0,
2017,1,Eastern Conference,E,,18,s:40~l:59~t:18,,Connecticut,Sun,CON,Connecticut Sun,Sun,,,https://a.espncdn.com/i/teamlogos/wnba/500/con.png,vs. Conf.,CONF,CONF,Conference Record,,vsconf,10-6,
2017,1,Eastern Conference,E,,18,s:40~l:59~t:18,,Connecticut,Sun,CON,Connecticut Sun,Sun,,,https://a.espncdn.com/i/teamlogos/wnba/500/con.png,Last Ten Games,Last Ten Games,L10,Record last 10 games,Last Ten,lasttengames,6-4,
2017,1,Eastern Conference,E,,16,s:40~l:59~t:16,,Washington,Mystics,WSH,Washington Mystics,Mystics,,,https://a.espncdn.com/i/teamlogos/wnba/500/wsh.png,avgPointsAgainst,Opponent Points Per Game,OPP PPG,Opponent Points Per Game,OPP PPG,avgpointsagainst,81.0,81.0
2017,1,Eastern Conference,E,,16,s:40~l:59~t:16,,Washington,Mystics,WSH,Washington Mystics,Mystics,,,https://a.espncdn.com/i/teamlogos/wnba/500/wsh.png,avgPointsFor,Points Per Game,PPG,Points Per Game,PPG,avgpointsfor,81.7,81.73529
2017,1,Eastern Conference,E,,16,s:40~l:59~t:16,,Washington,Mystics,WSH,Washington Mystics,Mystics,,,https://a.espncdn.com/i/teamlogos/wnba/500/wsh.png,clincher,Clincher,CLINCH,Clinched Playoff Berth,CLINCH,clincher,x,1.0
2017,1,Eastern Conference,E,,16,s:40~l:59~t:16,,Washington,Mystics,WSH,Washington Mystics,Mystics,,,https://a.espncdn.com/i/teamlogos/wnba/500/wsh.png,differential,Average Point Differential,DIFF,Average Point Differential,DIFF,differential,+0.7,0.700000000000003
2017,1,Eastern Conference,E,,16,s:40~l:59~t:16,,Washington,Mystics,WSH,Washington Mystics,Mystics,,,https://a.espncdn.com/i/teamlogos/wnba/500/wsh.png,divisionWinPercent,Division Win Percentage,DPCT,Division Winning Percentage,DPCT,divisionwinpercent,0.000,0.0
2017,1,Eastern Conference,E,,16,s:40~l:59~t:16,,Washington,Mystics,WSH,Washington Mystics,Mystics,,,https://a.espncdn.com/i/teamlogos/wnba/500/wsh.png,gamesBehind,Games Back,GB,Games Back,GB,gamesbehind,4,4.0
2017,1,Eastern Conference,E,,16,s:40~l:59~t:16,,Washington,Mystics,WSH,Washington Mystics,Mystics,,,https://a.espncdn.com/i/teamlogos/wnba/500/wsh.png,leagueWinPercent,League Win Percentage,LPCT,League Winning Percentage,LPCT,leaguewinpercent,0.750,0.75
2017,1,Eastern Conference,E,,16,s:40~l:59~t:16,,Washington,Mystics,WSH,Washington Mystics,Mystics,,,https://a.espncdn.com/i/teamlogos/wnba/500/wsh.png,losses,Losses,L,Losses,L,losses,16,16.0
2017,1,Eastern Conference,E,,16,s:40~l:59~t:16,,Washington,Mystics,WSH,Washington Mystics,Mystics,,,https://a.espncdn.com/i/teamlogos/wnba/500/wsh.png,playoffSeed,Position,POS,Playoff Seed,SEED,playoffseed,3,3.0
2017,1,Eastern Conference,E,,16,s:40~l:59~t:16,,Washington,Mystics,WSH,Washington Mystics,Mystics,,,https://a.espncdn.com/i/teamlogos/wnba/500/wsh.png,pointDifferential,Point Differential,DIFF,Point Differential,DIFF,pointdifferential,+25,25.0
2017,1,Eastern Conference,E,,16,s:40~l:59~t:16,,Washington,Mystics,WSH,Washington Mystics,Mystics,,,https://a.espncdn.com/i/teamlogos/wnba/500/wsh.png,points,Points,PTS,Total Points,PTS,points,1.0,1.0
2017,1,Eastern Conference,E,,16,s:40~l:59~t:16,,Washington,Mystics,WSH,Washington Mystics,Mystics,,,https://a.espncdn.com/i/teamlogos/wnba/500/wsh.png,pointsAgainst,Points Against,PA,Total Points Against,PA,pointsagainst,2754,2754.0
2017,1,Eastern Conference,E,,16,s:40~l:59~t:16,,Washington,Mystics,WSH,Washington Mystics,Mystics,,,https://a.espncdn.com/i/teamlogos/wnba/500/wsh.png,pointsFor,Points For,PF,Total Points For,PF,pointsfor,2779,2779.0
2017,1,Eastern Conference,E,,16,s:40~l:59~t:16,,Washington,Mystics,WSH,Washington Mystics,Mystics,,,https://a.espncdn.com/i/teamlogos/wnba/500/wsh.png,streak,Streak,STRK,Current Streak,STRK,streak,L1,-1.0
2017,1,Eastern Conference,E,,16,s:40~l:59~t:16,,Washington,Mystics,WSH,Washington Mystics,Mystics,,,https://a.espncdn.com/i/teamlogos/wnba/500/wsh.png,winPercent,Win Percentage,PCT,Winning Percentage,PCT,winpercent,.529,0.5294118
2017,1,Eastern Conference,E,,16,s:40~l:59~t:16,,Washington,Mystics,WSH,Washington Mystics,Mystics,,,https://a.espncdn.com/i/teamlogos/wnba/500/wsh.png,wins,Wins,W,Wins,W,wins,18,18.0
2017,1,Eastern Conference,E,,16,s:40~l:59~t:16,,Washington,Mystics,WSH,Washington Mystics,Mystics,,,https://a.espncdn.com/i/teamlogos/wnba/500/wsh.png,gamesAhead,Games Ahead,GA,Games Ahead,GA,gamesahead,-,0.0
2017,1,Eastern Conference,E,,16,s:40~l:59~t:16,,Washington,Mystics,WSH,Washington Mystics,Mystics,,,https://a.espncdn.com/i/teamlogos/wnba/500/wsh.png,overall,Overall,OVER,Overall Record,Total,total,18-16,
2017,1,Eastern Conference,E,,16,s:40~l:59~t:16,,Washington,Mystics,WSH,Washington Mystics,Mystics,,,https://a.espncdn.com/i/teamlogos/wnba/500/wsh.png,Home,Home,HOME,Home Record,,home,11-6,
2017,1,Eastern Conference,E,,16,s:40~l:59~t:16,,Washington,Mystics,WSH,Washington Mystics,Mystics,,,https://a.espncdn.com/i/teamlogos/wnba/500/wsh.png,Road,Road,AWAY,Away Record,,road,7-10,
2017,1,Eastern Conference,E,,16,s:40~l:59~t:16,,Washington,Mystics,WSH,Washington Mystics,Mystics,,,https://a.espncdn.com/i/teamlogos/wnba/500/wsh.png,vs. Div.,DIV,DIV,Division Record,,vsdiv,0-0,
2017,1,Eastern Conference,E,,16,s:40~l:59~t:16,,Washington,Mystics,WSH,Washington Mystics,Mystics,,,https://a.espncdn.com/i/teamlogos/wnba/500/wsh.png,vs. Conf.,CONF,CONF,Conference Record,,vsconf,12-4,
2017,1,Eastern Conference,E,,16,s:40~l:59~t:16,,Washington,Mystics,WSH,Washington Mystics,Mystics,,,https://a.espncdn.com/i/teamlogos/wnba/500/wsh.png,Last Ten Games,Last Ten Games,L10,Record last 10 games,Last Ten,lasttengames,4-6,
2017,1,Eastern Conference,E,,19,s:40~l:59~t:19,,Chicago,Sky,CHI,Chicago Sky,Sky,,,https://a.espncdn.com/i/teamlogos/wnba/500/chi.png,avgPointsAgainst,Opponent Points Per Game,OPP PPG,Opponent Points Per Game,OPP PPG,avgpointsagainst,87.2,87.23529
2017,1,Eastern Conference,E,,19,s:40~l:59~t:19,,Chicago,Sky,CHI,Chicago Sky,Sky,,,https://a.espncdn.com/i/teamlogos/wnba/500/chi.png,avgPointsFor,Points Per Game,PPG,Points Per Game,PPG,avgpointsfor,82.1,82.117645
2017,1,Eastern Conference,E,,19,s:40~l:59~t:19,,Chicago,Sky,CHI,Chicago Sky,Sky,,,https://a.espncdn.com/i/teamlogos/wnba/500/chi.png,clincher,Clincher,CLINCH,Eliminated From Playoffs,CLINCH,clincher,e,4.0
2017,1,Eastern Conference,E,,19,s:40~l:59~t:19,,Chicago,Sky,CHI,Chicago Sky,Sky,,,https://a.espncdn.com/i/teamlogos/wnba/500/chi.png,differential,Average Point Differential,DIFF,Average Point Differential,DIFF,differential,-5.1,-5.10000000000001
2017,1,Eastern Conference,E,,19,s:40~l:59~t:19,,Chicago,Sky,CHI,Chicago Sky,Sky,,,https://a.espncdn.com/i/teamlogos/wnba/500/chi.png,divisionWinPercent,Division Win Percentage,DPCT,Division Winning Percentage,DPCT,divisionwinpercent,0.000,0.0
2017,1,Eastern Conference,E,,19,s:40~l:59~t:19,,Chicago,Sky,CHI,Chicago Sky,Sky,,,https://a.espncdn.com/i/teamlogos/wnba/500/chi.png,gamesBehind,Games Back,GB,Games Back,GB,gamesbehind,10,10.0
2017,1,Eastern Conference,E,,19,s:40~l:59~t:19,,Chicago,Sky,CHI,Chicago Sky,Sky,,,https://a.espncdn.com/i/teamlogos/wnba/500/chi.png,leagueWinPercent,League Win Percentage,LPCT,League Winning Percentage,LPCT,leaguewinpercent,0.375,0.375
2017,1,Eastern Conference,E,,19,s:40~l:59~t:19,,Chicago,Sky,CHI,Chicago Sky,Sky,,,https://a.espncdn.com/i/teamlogos/wnba/500/chi.png,losses,Losses,L,Losses,L,losses,22,22.0
2017,1,Eastern Conference,E,,19,s:40~l:59~t:19,,Chicago,Sky,CHI,Chicago Sky,Sky,,,https://a.espncdn.com/i/teamlogos/wnba/500/chi.png,playoffSeed,Position,POS,Playoff Seed,SEED,playoffseed,4,4.0
2017,1,Eastern Conference,E,,19,s:40~l:59~t:19,,Chicago,Sky,CHI,Chicago Sky,Sky,,,https://a.espncdn.com/i/teamlogos/wnba/500/chi.png,pointDifferential,Point Differential,DIFF,Point Differential,DIFF,pointdifferential,-174,-174.0
2017,1,Eastern Conference,E,,19,s:40~l:59~t:19,,Chicago,Sky,CHI,Chicago Sky,Sky,,,https://a.espncdn.com/i/teamlogos/wnba/500/chi.png,points,Points,PTS,Total Points,PTS,points,-5.0,-5.0
2017,1,Eastern Conference,E,,19,s:40~l:59~t:19,,Chicago,Sky,CHI,Chicago Sky,Sky,,,https://a.espncdn.com/i/teamlogos/wnba/500/chi.png,pointsAgainst,Points Against,PA,Total Points Against,PA,pointsagainst,2966,2966.0
2017,1,Eastern Conference,E,,19,s:40~l:59~t:19,,Chicago,Sky,CHI,Chicago Sky,Sky,,,https://a.espncdn.com/i/teamlogos/wnba/500/chi.png,pointsFor,Points For,PF,Total Points For,PF,pointsfor,2792,2792.0
2017,1,Eastern Conference,E,,19,s:40~l:59~t:19,,Chicago,Sky,CHI,Chicago Sky,Sky,,,https://a.espncdn.com/i/teamlogos/wnba/500/chi.png,streak,Streak,STRK,Current Streak,STRK,streak,L4,-4.0
2017,1,Eastern Conference,E,,19,s:40~l:59~t:19,,Chicago,Sky,CHI,Chicago Sky,Sky,,,https://a.espncdn.com/i/teamlogos/wnba/500/chi.png,winPercent,Win Percentage,PCT,Winning Percentage,PCT,winpercent,.353,0.3529412
2017,1,Eastern Conference,E,,19,s:40~l:59~t:19,,Chicago,Sky,CHI,Chicago Sky,Sky,,,https://a.espncdn.com/i/teamlogos/wnba/500/chi.png,wins,Wins,W,Wins,W,wins,12,12.0
2017,1,Eastern Conference,E,,19,s:40~l:59~t:19,,Chicago,Sky,CHI,Chicago Sky,Sky,,,https://a.espncdn.com/i/teamlogos/wnba/500/chi.png,gamesAhead,Games Ahead,GA,Games Ahead,GA,gamesahead,-,0.0
2017,1,Eastern Conference,E,,19,s:40~l:59~t:19,,Chicago,Sky,CHI,Chicago Sky,Sky,,,https://a.espncdn.com/i/teamlogos/wnba/500/chi.png,overall,Overall,OVER,Overall Record,Total,total,12-22,
2017,1,Eastern Conference,E,,19,s:40~l:59~t:19,,Chicago,Sky,CHI,Chicago Sky,Sky,,,https://a.espncdn.com/i/teamlogos/wnba/500/chi.png,Home,Home,HOME,Home Record,,home,4-13,
2017,1,Eastern Conference,E,,19,s:40~l:59~t:19,,Chicago,Sky,CHI,Chicago Sky,Sky,,,https://a.espncdn.com/i/teamlogos/wnba/500/chi.png,Road,Road,AWAY,Away Record,,road,8-9,
2017,1,Eastern Conference,E,,19,s:40~l:59~t:19,,Chicago,Sky,CHI,Chicago Sky,Sky,,,https://a.espncdn.com/i/teamlogos/wnba/500/chi.png,vs. Div.,DIV,DIV,Division Record,,vsdiv,0-0,
2017,1,Eastern Conference,E,,19,s:40~l:59~t:19,,Chicago,Sky,CHI,Chicago Sky,Sky,,,https://a.espncdn.com/i/teamlogos/wnba/500/chi.png,vs. Conf.,CONF,CONF,Conference Record,,vsconf,6-10,
2017,1,Eastern Conference,E,,19,s:40~l:59~t:19,,Chicago,Sky,CHI,Chicago Sky,Sky,,,https://a.espncdn.com/i/teamlogos/wnba/500/chi.png,Last Ten Games,Last Ten Games,L10,Record last 10 games,Last Ten,lasttengames,4-6,
2017,1,Eastern Conference,E,,20,s:40~l:59~t:20,,Atlanta,Dream,ATL,Atlanta Dream,Dream,,,https://a.espncdn.com/i/teamlogos/wnba/500/atl.png,avgPointsAgainst,Opponent Points Per Game,OPP PPG,Opponent Points Per Game,OPP PPG,avgpointsagainst,82.7,82.67647
2017,1,Eastern Conference,E,,20,s:40~l:59~t:20,,Atlanta,Dream,ATL,Atlanta Dream,Dream,,,https://a.espncdn.com/i/teamlogos/wnba/500/atl.png,avgPointsFor,Points Per Game,PPG,Points Per Game,PPG,avgpointsfor,78.9,78.911766
2017,1,Eastern Conference,E,,20,s:40~l:59~t:20,,Atlanta,Dream,ATL,Atlanta Dream,Dream,,,https://a.espncdn.com/i/teamlogos/wnba/500/atl.png,clincher,Clincher,CLINCH,Eliminated From Playoffs,CLINCH,clincher,e,4.0
2017,1,Eastern Conference,E,,20,s:40~l:59~t:20,,Atlanta,Dream,ATL,Atlanta Dream,Dream,,,https://a.espncdn.com/i/teamlogos/wnba/500/atl.png,differential,Average Point Differential,DIFF,Average Point Differential,DIFF,differential,-3.8,-3.8
2017,1,Eastern Conference,E,,20,s:40~l:59~t:20,,Atlanta,Dream,ATL,Atlanta Dream,Dream,,,https://a.espncdn.com/i/teamlogos/wnba/500/atl.png,divisionWinPercent,Division Win Percentage,DPCT,Division Winning Percentage,DPCT,divisionwinpercent,0.000,0.0
2017,1,Eastern Conference,E,,20,s:40~l:59~t:20,,Atlanta,Dream,ATL,Atlanta Dream,Dream,,,https://a.espncdn.com/i/teamlogos/wnba/500/atl.png,gamesBehind,Games Back,GB,Games Back,GB,gamesbehind,10,10.0
2017,1,Eastern Conference,E,,20,s:40~l:59~t:20,,Atlanta,Dream,ATL,Atlanta Dream,Dream,,,https://a.espncdn.com/i/teamlogos/wnba/500/atl.png,leagueWinPercent,League Win Percentage,LPCT,League Winning Percentage,LPCT,leaguewinpercent,0.313,0.3125
2017,1,Eastern Conference,E,,20,s:40~l:59~t:20,,Atlanta,Dream,ATL,Atlanta Dream,Dream,,,https://a.espncdn.com/i/teamlogos/wnba/500/atl.png,losses,Losses,L,Losses,L,losses,22,22.0
2017,1,Eastern Conference,E,,20,s:40~l:59~t:20,,Atlanta,Dream,ATL,Atlanta Dream,Dream,,,https://a.espncdn.com/i/teamlogos/wnba/500/atl.png,playoffSeed,Position,POS,Playoff Seed,SEED,playoffseed,5,5.0
2017,1,Eastern Conference,E,,20,s:40~l:59~t:20,,Atlanta,Dream,ATL,Atlanta Dream,Dream,,,https://a.espncdn.com/i/teamlogos/wnba/500/atl.png,pointDifferential,Point Differential,DIFF,Point Differential,DIFF,pointdifferential,-128,-128.0
2017,1,Eastern Conference,E,,20,s:40~l:59~t:20,,Atlanta,Dream,ATL,Atlanta Dream,Dream,,,https://a.espncdn.com/i/teamlogos/wnba/500/atl.png,points,Points,PTS,Total Points,PTS,points,-5.0,-5.0
2017,1,Eastern Conference,E,,20,s:40~l:59~t:20,,Atlanta,Dream,ATL,Atlanta Dream,Dream,,,https://a.espncdn.com/i/teamlogos/wnba/500/atl.png,pointsAgainst,Points Against,PA,Total Points Against,PA,pointsagainst,2811,2811.0
2017,1,Eastern Conference,E,,20,s:40~l:59~t:20,,Atlanta,Dream,ATL,Atlanta Dream,Dream,,,https://a.espncdn.com/i/teamlogos/wnba/500/atl.png,pointsFor,Points For,PF,Total Points For,PF,pointsfor,2683,2683.0
2017,1,Eastern Conference,E,,20,s:40~l:59~t:20,,Atlanta,Dream,ATL,Atlanta Dream,Dream,,,https://a.espncdn.com/i/teamlogos/wnba/500/atl.png,streak,Streak,STRK,Current Streak,STRK,streak,L2,-2.0
2017,1,Eastern Conference,E,,20,s:40~l:59~t:20,,Atlanta,Dream,ATL,Atlanta Dream,Dream,,,https://a.espncdn.com/i/teamlogos/wnba/500/atl.png,winPercent,Win Percentage,PCT,Winning Percentage,PCT,winpercent,.353,0.3529412
2017,1,Eastern Conference,E,,20,s:40~l:59~t:20,,Atlanta,Dream,ATL,Atlanta Dream,Dream,,,https://a.espncdn.com/i/teamlogos/wnba/500/atl.png,wins,Wins,W,Wins,W,wins,12,12.0
2017,1,Eastern Conference,E,,20,s:40~l:59~t:20,,Atlanta,Dream,ATL,Atlanta Dream,Dream,,,https://a.espncdn.com/i/teamlogos/wnba/500/atl.png,gamesAhead,Games Ahead,GA,Games Ahead,GA,gamesahead,-,0.0
2017,1,Eastern Conference,E,,20,s:40~l:59~t:20,,Atlanta,Dream,ATL,Atlanta Dream,Dream,,,https://a.espncdn.com/i/teamlogos/wnba/500/atl.png,overall,Overall,OVER,Overall Record,Total,total,12-22,
2017,1,Eastern Conference,E,,20,s:40~l:59~t:20,,Atlanta,Dream,ATL,Atlanta Dream,Dream,,,https://a.espncdn.com/i/teamlogos/wnba/500/atl.png,Home,Home,HOME,Home Record,,home,9-8,
2017,1,Eastern Conference,E,,20,s:40~l:59~t:20,,Atlanta,Dream,ATL,Atlanta Dream,Dream,,,https://a.espncdn.com/i/teamlogos/wnba/500/atl.png,Road,Road,AWAY,Away Record,,road,3-14,
2017,1,Eastern Conference,E,,20,s:40~l:59~t:20,,Atlanta,Dream,ATL,Atlanta Dream,Dream,,,https://a.espncdn.com/i/teamlogos/wnba/500/atl.png,vs. Div.,DIV,DIV,Division Record,,vsdiv,0-0,
2017,1,Eastern Conference,E,,20,s:40~l:59~t:20,,Atlanta,Dream,ATL,Atlanta Dream,Dream,,,https://a.espncdn.com/i/teamlogos/wnba/500/atl.png,vs. Conf.,CONF,CONF,Conference Record,,vsconf,5-11,
2017,1,Eastern Conference,E,,20,s:40~l:59~t:20,,Atlanta,Dream,ATL,Atlanta Dream,Dream,,,https://a.espncdn.com/i/teamlogos/wnba/500/atl.png,Last Ten Games,Last Ten Games,L10,Record last 10 games,Last Ten,lasttengames,2-8,
2017,1,Eastern Conference,E,,5,s:40~l:59~t:5,,Indiana,Fever,IND,Indiana Fever,Fever,,,https://a.espncdn.com/i/teamlogos/wnba/500/ind.png,avgPointsAgainst,Opponent Points Per Game,OPP PPG,Opponent Points Per Game,OPP PPG,avgpointsagainst,84.3,84.26471
2017,1,Eastern Conference,E,,5,s:40~l:59~t:5,,Indiana,Fever,IND,Indiana Fever,Fever,,,https://a.espncdn.com/i/teamlogos/wnba/500/ind.png,avgPointsFor,Points Per Game,PPG,Points Per Game,PPG,avgpointsfor,75.1,75.05882
2017,1,Eastern Conference,E,,5,s:40~l:59~t:5,,Indiana,Fever,IND,Indiana Fever,Fever,,,https://a.espncdn.com/i/teamlogos/wnba/500/ind.png,clincher,Clincher,CLINCH,Eliminated From Playoffs,CLINCH,clincher,e,4.0
2017,1,Eastern Conference,E,,5,s:40~l:59~t:5,,Indiana,Fever,IND,Indiana Fever,Fever,,,https://a.espncdn.com/i/teamlogos/wnba/500/ind.png,differential,Average Point Differential,DIFF,Average Point Differential,DIFF,differential,-9.2,-9.2
2017,1,Eastern Conference,E,,5,s:40~l:59~t:5,,Indiana,Fever,IND,Indiana Fever,Fever,,,https://a.espncdn.com/i/teamlogos/wnba/500/ind.png,divisionWinPercent,Division Win Percentage,DPCT,Division Winning Percentage,DPCT,divisionwinpercent,0.000,0.0
2017,1,Eastern Conference,E,,5,s:40~l:59~t:5,,Indiana,Fever,IND,Indiana Fever,Fever,,,https://a.espncdn.com/i/teamlogos/wnba/500/ind.png,gamesBehind,Games Back,GB,Games Back,GB,gamesbehind,13,13.0
2017,1,Eastern Conference,E,,5,s:40~l:59~t:5,,Indiana,Fever,IND,Indiana Fever,Fever,,,https://a.espncdn.com/i/teamlogos/wnba/500/ind.png,leagueWinPercent,League Win Percentage,LPCT,League Winning Percentage,LPCT,leaguewinpercent,0.250,0.25
2017,1,Eastern Conference,E,,5,s:40~l:59~t:5,,Indiana,Fever,IND,Indiana Fever,Fever,,,https://a.espncdn.com/i/teamlogos/wnba/500/ind.png,losses,Losses,L,Losses,L,losses,25,25.0
2017,1,Eastern Conference,E,,5,s:40~l:59~t:5,,Indiana,Fever,IND,Indiana Fever,Fever,,,https://a.espncdn.com/i/teamlogos/wnba/500/ind.png,playoffSeed,Position,POS,Playoff Seed,SEED,playoffseed,6,6.0
2017,1,Eastern Conference,E,,5,s:40~l:59~t:5,,Indiana,Fever,IND,Indiana Fever,Fever,,,https://a.espncdn.com/i/teamlogos/wnba/500/ind.png,pointDifferential,Point Differential,DIFF,Point Differential,DIFF,pointdifferential,-313,-313.0
2017,1,Eastern Conference,E,,5,s:40~l:59~t:5,,Indiana,Fever,IND,Indiana Fever,Fever,,,https://a.espncdn.com/i/teamlogos/wnba/500/ind.png,points,Points,PTS,Total Points,PTS,points,-8.0,-8.0
2017,1,Eastern Conference,E,,5,s:40~l:59~t:5,,Indiana,Fever,IND,Indiana Fever,Fever,,,https://a.espncdn.com/i/teamlogos/wnba/500/ind.png,pointsAgainst,Points Against,PA,Total Points Against,PA,pointsagainst,2865,2865.0
2017,1,Eastern Conference,E,,5,s:40~l:59~t:5,,Indiana,Fever,IND,Indiana Fever,Fever,,,https://a.espncdn.com/i/teamlogos/wnba/500/ind.png,pointsFor,Points For,PF,Total Points For,PF,pointsfor,2552,2552.0
2017,1,Eastern Conference,E,,5,s:40~l:59~t:5,,Indiana,Fever,IND,Indiana Fever,Fever,,,https://a.espncdn.com/i/teamlogos/wnba/500/ind.png,streak,Streak,STRK,Current Streak,STRK,streak,L8,-8.0
2017,1,Eastern Conference,E,,5,s:40~l:59~t:5,,Indiana,Fever,IND,Indiana Fever,Fever,,,https://a.espncdn.com/i/teamlogos/wnba/500/ind.png,winPercent,Win Percentage,PCT,Winning Percentage,PCT,winpercent,.265,0.2647059
2017,1,Eastern Conference,E,,5,s:40~l:59~t:5,,Indiana,Fever,IND,Indiana Fever,Fever,,,https://a.espncdn.com/i/teamlogos/wnba/500/ind.png,wins,Wins,W,Wins,W,wins,9,9.0
2017,1,Eastern Conference,E,,5,s:40~l:59~t:5,,Indiana,Fever,IND,Indiana Fever,Fever,,,https://a.espncdn.com/i/teamlogos/wnba/500/ind.png,gamesAhead,Games Ahead,GA,Games Ahead,GA,gamesahead,-,0.0
2017,1,Eastern Conference,E,,5,s:40~l:59~t:5,,Indiana,Fever,IND,Indiana Fever,Fever,,,https://a.espncdn.com/i/teamlogos/wnba/500/ind.png,overall,Overall,OVER,Overall Record,Total,total,9-25,
2017,1,Eastern Conference,E,,5,s:40~l:59~t:5,,Indiana,Fever,IND,Indiana Fever,Fever,,,https://a.espncdn.com/i/teamlogos/wnba/500/ind.png,Home,Home,HOME,Home Record,,home,6-11,
2017,1,Eastern Conference,E,,5,s:40~l:59~t:5,,Indiana,Fever,IND,Indiana Fever,Fever,,,https://a.espncdn.com/i/teamlogos/wnba/500/ind.png,Road,Road,AWAY,Away Record,,road,3-14,
2017,1,Eastern Conference,E,,5,s:40~l:59~t:5,,Indiana,Fever,IND,Indiana Fever,Fever,,,https://a.espncdn.com/i/teamlogos/wnba/500/ind.png,vs. Div.,DIV,DIV,Division Record,,vsdiv,0-0,
2017,1,Eastern Conference,E,,5,s:40~l:59~t:5,,Indiana,Fever,IND,Indiana Fever,Fever,,,https://a.espncdn.com/i/teamlogos/wnba/500/ind.png,vs. Conf.,CONF,CONF,Conference Record,,vsconf,4-12,
2017,1,Eastern Conference,E,,5,s:40~l:59~t:5,,Indiana,Fever,IND,Indiana Fever,Fever,,,https://a.espncdn.com/i/teamlogos/wnba/500/ind.png,Last Ten Games,Last Ten Games,L10,Record last 10 games,Last Ten,lasttengames,1-9,
2017,2,Western Conference,W,,8,s:40~l:59~t:8,,Minnesota,Lynx,MIN,Minnesota Lynx,Lynx,,,https://a.espncdn.com/i/teamlogos/wnba/500/min.png,avgPointsAgainst,Opponent Points Per Game,OPP PPG,Opponent Points Per Game,OPP PPG,avgpointsagainst,74.2,74.23529
2017,2,Western Conference,W,,8,s:40~l:59~t:8,,Minnesota,Lynx,MIN,Minnesota Lynx,Lynx,,,https://a.espncdn.com/i/teamlogos/wnba/500/min.png,avgPointsFor,Points Per Game,PPG,Points Per Game,PPG,avgpointsfor,85.4,85.35294
2017,2,Western Conference,W,,8,s:40~l:59~t:8,,Minnesota,Lynx,MIN,Minnesota Lynx,Lynx,,,https://a.espncdn.com/i/teamlogos/wnba/500/min.png,clincher,Clincher,CLINCH,Clinched Playoff Berth,CLINCH,clincher,x,1.0
2017,2,Western Conference,W,,8,s:40~l:59~t:8,,Minnesota,Lynx,MIN,Minnesota Lynx,Lynx,,,https://a.espncdn.com/i/teamlogos/wnba/500/min.png,differential,Average Point Differential,DIFF,Average Point Differential,DIFF,differential,+11.2,11.2
2017,2,Western Conference,W,,8,s:40~l:59~t:8,,Minnesota,Lynx,MIN,Minnesota Lynx,Lynx,,,https://a.espncdn.com/i/teamlogos/wnba/500/min.png,divisionWinPercent,Division Win Percentage,DPCT,Division Winning Percentage,DPCT,divisionwinpercent,0.000,0.0
2017,2,Western Conference,W,,8,s:40~l:59~t:8,,Minnesota,Lynx,MIN,Minnesota Lynx,Lynx,,,https://a.espncdn.com/i/teamlogos/wnba/500/min.png,gamesBehind,Games Back,GB,Games Back,GB,gamesbehind,-,0.0
2017,2,Western Conference,W,,8,s:40~l:59~t:8,,Minnesota,Lynx,MIN,Minnesota Lynx,Lynx,,,https://a.espncdn.com/i/teamlogos/wnba/500/min.png,leagueWinPercent,League Win Percentage,LPCT,League Winning Percentage,LPCT,leaguewinpercent,0.813,0.8125
2017,2,Western Conference,W,,8,s:40~l:59~t:8,,Minnesota,Lynx,MIN,Minnesota Lynx,Lynx,,,https://a.espncdn.com/i/teamlogos/wnba/500/min.png,losses,Losses,L,Losses,L,losses,7,7.0
2017,2,Western Conference,W,,8,s:40~l:59~t:8,,Minnesota,Lynx,MIN,Minnesota Lynx,Lynx,,,https://a.espncdn.com/i/teamlogos/wnba/500/min.png,playoffSeed,Position,POS,Playoff Seed,SEED,playoffseed,1,1.0
2017,2,Western Conference,W,,8,s:40~l:59~t:8,,Minnesota,Lynx,MIN,Minnesota Lynx,Lynx,,,https://a.espncdn.com/i/teamlogos/wnba/500/min.png,pointDifferential,Point Differential,DIFF,Point Differential,DIFF,pointdifferential,+378,378.0
2017,2,Western Conference,W,,8,s:40~l:59~t:8,,Minnesota,Lynx,MIN,Minnesota Lynx,Lynx,,,https://a.espncdn.com/i/teamlogos/wnba/500/min.png,points,Points,PTS,Total Points,PTS,points,10.0,10.0
2017,2,Western Conference,W,,8,s:40~l:59~t:8,,Minnesota,Lynx,MIN,Minnesota Lynx,Lynx,,,https://a.espncdn.com/i/teamlogos/wnba/500/min.png,pointsAgainst,Points Against,PA,Total Points Against,PA,pointsagainst,2524,2524.0
2017,2,Western Conference,W,,8,s:40~l:59~t:8,,Minnesota,Lynx,MIN,Minnesota Lynx,Lynx,,,https://a.espncdn.com/i/teamlogos/wnba/500/min.png,pointsFor,Points For,PF,Total Points For,PF,pointsfor,2902,2902.0
2017,2,Western Conference,W,,8,s:40~l:59~t:8,,Minnesota,Lynx,MIN,Minnesota Lynx,Lynx,,,https://a.espncdn.com/i/teamlogos/wnba/500/min.png,streak,Streak,STRK,Current Streak,STRK,streak,W3,3.0
2017,2,Western Conference,W,,8,s:40~l:59~t:8,,Minnesota,Lynx,MIN,Minnesota Lynx,Lynx,,,https://a.espncdn.com/i/teamlogos/wnba/500/min.png,winPercent,Win Percentage,PCT,Winning Percentage,PCT,winpercent,.794,0.7941176
2017,2,Western Conference,W,,8,s:40~l:59~t:8,,Minnesota,Lynx,MIN,Minnesota Lynx,Lynx,,,https://a.espncdn.com/i/teamlogos/wnba/500/min.png,wins,Wins,W,Wins,W,wins,27,27.0
2017,2,Western Conference,W,,8,s:40~l:59~t:8,,Minnesota,Lynx,MIN,Minnesota Lynx,Lynx,,,https://a.espncdn.com/i/teamlogos/wnba/500/min.png,gamesAhead,Games Ahead,GA,Games Ahead,GA,gamesahead,-,0.0
2017,2,Western Conference,W,,8,s:40~l:59~t:8,,Minnesota,Lynx,MIN,Minnesota Lynx,Lynx,,,https://a.espncdn.com/i/teamlogos/wnba/500/min.png,overall,Overall,OVER,Overall Record,Total,total,27-7,
2017,2,Western Conference,W,,8,s:40~l:59~t:8,,Minnesota,Lynx,MIN,Minnesota Lynx,Lynx,,,https://a.espncdn.com/i/teamlogos/wnba/500/min.png,Home,Home,HOME,Home Record,,home,15-2,
2017,2,Western Conference,W,,8,s:40~l:59~t:8,,Minnesota,Lynx,MIN,Minnesota Lynx,Lynx,,,https://a.espncdn.com/i/teamlogos/wnba/500/min.png,Road,Road,AWAY,Away Record,,road,12-5,
2017,2,Western Conference,W,,8,s:40~l:59~t:8,,Minnesota,Lynx,MIN,Minnesota Lynx,Lynx,,,https://a.espncdn.com/i/teamlogos/wnba/500/min.png,vs. Div.,DIV,DIV,Division Record,,vsdiv,0-0,
2017,2,Western Conference,W,,8,s:40~l:59~t:8,,Minnesota,Lynx,MIN,Minnesota Lynx,Lynx,,,https://a.espncdn.com/i/teamlogos/wnba/500/min.png,vs. Conf.,CONF,CONF,Conference Record,,vsconf,13-3,
2017,2,Western Conference,W,,8,s:40~l:59~t:8,,Minnesota,Lynx,MIN,Minnesota Lynx,Lynx,,,https://a.espncdn.com/i/teamlogos/wnba/500/min.png,Last Ten Games,Last Ten Games,L10,Record last 10 games,Last Ten,lasttengames,6-4,
2017,2,Western Conference,W,,6,s:40~l:59~t:6,,Los Angeles,Sparks,LA,Los Angeles Sparks,Sparks,,,https://a.espncdn.com/i/teamlogos/wnba/500/la.png,avgPointsAgainst,Opponent Points Per Game,OPP PPG,Opponent Points Per Game,OPP PPG,avgpointsagainst,75.2,75.20588
2017,2,Western Conference,W,,6,s:40~l:59~t:6,,Los Angeles,Sparks,LA,Los Angeles Sparks,Sparks,,,https://a.espncdn.com/i/teamlogos/wnba/500/la.png,avgPointsFor,Points Per Game,PPG,Points Per Game,PPG,avgpointsfor,83.5,83.52941
2017,2,Western Conference,W,,6,s:40~l:59~t:6,,Los Angeles,Sparks,LA,Los Angeles Sparks,Sparks,,,https://a.espncdn.com/i/teamlogos/wnba/500/la.png,clincher,Clincher,CLINCH,Clinched Playoff Berth,CLINCH,clincher,x,1.0
2017,2,Western Conference,W,,6,s:40~l:59~t:6,,Los Angeles,Sparks,LA,Los Angeles Sparks,Sparks,,,https://a.espncdn.com/i/teamlogos/wnba/500/la.png,differential,Average Point Differential,DIFF,Average Point Differential,DIFF,differential,+8.3,8.3
2017,2,Western Conference,W,,6,s:40~l:59~t:6,,Los Angeles,Sparks,LA,Los Angeles Sparks,Sparks,,,https://a.espncdn.com/i/teamlogos/wnba/500/la.png,divisionWinPercent,Division Win Percentage,DPCT,Division Winning Percentage,DPCT,divisionwinpercent,0.000,0.0
2017,2,Western Conference,W,,6,s:40~l:59~t:6,,Los Angeles,Sparks,LA,Los Angeles Sparks,Sparks,,,https://a.espncdn.com/i/teamlogos/wnba/500/la.png,gamesBehind,Games Back,GB,Games Back,GB,gamesbehind,1,1.0
2017,2,Western Conference,W,,6,s:40~l:59~t:6,,Los Angeles,Sparks,LA,Los Angeles Sparks,Sparks,,,https://a.espncdn.com/i/teamlogos/wnba/500/la.png,leagueWinPercent,League Win Percentage,LPCT,League Winning Percentage,LPCT,leaguewinpercent,0.750,0.75
2017,2,Western Conference,W,,6,s:40~l:59~t:6,,Los Angeles,Sparks,LA,Los Angeles Sparks,Sparks,,,https://a.espncdn.com/i/teamlogos/wnba/500/la.png,losses,Losses,L,Losses,L,losses,8,8.0
2017,2,Western Conference,W,,6,s:40~l:59~t:6,,Los Angeles,Sparks,LA,Los Angeles Sparks,Sparks,,,https://a.espncdn.com/i/teamlogos/wnba/500/la.png,playoffSeed,Position,POS,Playoff Seed,SEED,playoffseed,2,2.0
2017,2,Western Conference,W,,6,s:40~l:59~t:6,,Los Angeles,Sparks,LA,Los Angeles Sparks,Sparks,,,https://a.espncdn.com/i/teamlogos/wnba/500/la.png,pointDifferential,Point Differential,DIFF,Point Differential,DIFF,pointdifferential,+283,283.0
2017,2,Western Conference,W,,6,s:40~l:59~t:6,,Los Angeles,Sparks,LA,Los Angeles Sparks,Sparks,,,https://a.espncdn.com/i/teamlogos/wnba/500/la.png,points,Points,PTS,Total Points,PTS,points,9.0,9.0
2017,2,Western Conference,W,,6,s:40~l:59~t:6,,Los Angeles,Sparks,LA,Los Angeles Sparks,Sparks,,,https://a.espncdn.com/i/teamlogos/wnba/500/la.png,pointsAgainst,Points Against,PA,Total Points Against,PA,pointsagainst,2557,2557.0
2017,2,Western Conference,W,,6,s:40~l:59~t:6,,Los Angeles,Sparks,LA,Los Angeles Sparks,Sparks,,,https://a.espncdn.com/i/teamlogos/wnba/500/la.png,pointsFor,Points For,PF,Total Points For,PF,pointsfor,2840,2840.0
2017,2,Western Conference,W,,6,s:40~l:59~t:6,,Los Angeles,Sparks,LA,Los Angeles Sparks,Sparks,,,https://a.espncdn.com/i/teamlogos/wnba/500/la.png,streak,Streak,STRK,Current Streak,STRK,streak,W7,7.0
2017,2,Western Conference,W,,6,s:40~l:59~t:6,,Los Angeles,Sparks,LA,Los Angeles Sparks,Sparks,,,https://a.espncdn.com/i/teamlogos/wnba/500/la.png,winPercent,Win Percentage,PCT,Winning Percentage,PCT,winpercent,.765,0.7647059
2017,2,Western Conference,W,,6,s:40~l:59~t:6,,Los Angeles,Sparks,LA,Los Angeles Sparks,Sparks,,,https://a.espncdn.com/i/teamlogos/wnba/500/la.png,wins,Wins,W,Wins,W,wins,26,26.0
2017,2,Western Conference,W,,6,s:40~l:59~t:6,,Los Angeles,Sparks,LA,Los Angeles Sparks,Sparks,,,https://a.espncdn.com/i/teamlogos/wnba/500/la.png,gamesAhead,Games Ahead,GA,Games Ahead,GA,gamesahead,-,0.0
2017,2,Western Conference,W,,6,s:40~l:59~t:6,,Los Angeles,Sparks,LA,Los Angeles Sparks,Sparks,,,https://a.espncdn.com/i/teamlogos/wnba/500/la.png,overall,Overall,OVER,Overall Record,Total,total,26-8,
2017,2,Western Conference,W,,6,s:40~l:59~t:6,,Los Angeles,Sparks,LA,Los Angeles Sparks,Sparks,,,https://a.espncdn.com/i/teamlogos/wnba/500/la.png,Home,Home,HOME,Home Record,,home,16-1,
2017,2,Western Conference,W,,6,s:40~l:59~t:6,,Los Angeles,Sparks,LA,Los Angeles Sparks,Sparks,,,https://a.espncdn.com/i/teamlogos/wnba/500/la.png,Road,Road,AWAY,Away Record,,road,10-7,
2017,2,Western Conference,W,,6,s:40~l:59~t:6,,Los Angeles,Sparks,LA,Los Angeles Sparks,Sparks,,,https://a.espncdn.com/i/teamlogos/wnba/500/la.png,vs. Div.,DIV,DIV,Division Record,,vsdiv,0-0,
2017,2,Western Conference,W,,6,s:40~l:59~t:6,,Los Angeles,Sparks,LA,Los Angeles Sparks,Sparks,,,https://a.espncdn.com/i/teamlogos/wnba/500/la.png,vs. Conf.,CONF,CONF,Conference Record,,vsconf,12-4,
2017,2,Western Conference,W,,6,s:40~l:59~t:6,,Los Angeles,Sparks,LA,Los Angeles Sparks,Sparks,,,https://a.espncdn.com/i/teamlogos/wnba/500/la.png,Last Ten Games,Last Ten Games,L10,Record last 10 games,Last Ten,lasttengames,8-2,
2017,2,Western Conference,W,,11,s:40~l:59~t:11,,Phoenix,Mercury,PHX,Phoenix Mercury,Mercury,,,https://a.espncdn.com/i/teamlogos/wnba/500/phx.png,avgPointsAgainst,Opponent Points Per Game,OPP PPG,Opponent Points Per Game,OPP PPG,avgpointsagainst,81.9,81.882355
2017,2,Western Conference,W,,11,s:40~l:59~t:11,,Phoenix,Mercury,PHX,Phoenix Mercury,Mercury,,,https://a.espncdn.com/i/teamlogos/wnba/500/phx.png,avgPointsFor,Points Per Game,PPG,Points Per Game,PPG,avgpointsfor,81.9,81.882355
2017,2,Western Conference,W,,11,s:40~l:59~t:11,,Phoenix,Mercury,PHX,Phoenix Mercury,Mercury,,,https://a.espncdn.com/i/teamlogos/wnba/500/phx.png,clincher,Clincher,CLINCH,Clinched Playoff Berth,CLINCH,clincher,x,1.0
2017,2,Western Conference,W,,11,s:40~l:59~t:11,,Phoenix,Mercury,PHX,Phoenix Mercury,Mercury,,,https://a.espncdn.com/i/teamlogos/wnba/500/phx.png,differential,Average Point Differential,DIFF,Average Point Differential,DIFF,differential,0.0,0.0
2017,2,Western Conference,W,,11,s:40~l:59~t:11,,Phoenix,Mercury,PHX,Phoenix Mercury,Mercury,,,https://a.espncdn.com/i/teamlogos/wnba/500/phx.png,divisionWinPercent,Division Win Percentage,DPCT,Division Winning Percentage,DPCT,divisionwinpercent,0.000,0.0
2017,2,Western Conference,W,,11,s:40~l:59~t:11,,Phoenix,Mercury,PHX,Phoenix Mercury,Mercury,,,https://a.espncdn.com/i/teamlogos/wnba/500/phx.png,gamesBehind,Games Back,GB,Games Back,GB,gamesbehind,9,9.0
2017,2,Western Conference,W,,11,s:40~l:59~t:11,,Phoenix,Mercury,PHX,Phoenix Mercury,Mercury,,,https://a.espncdn.com/i/teamlogos/wnba/500/phx.png,leagueWinPercent,League Win Percentage,LPCT,League Winning Percentage,LPCT,leaguewinpercent,0.438,0.4375
2017,2,Western Conference,W,,11,s:40~l:59~t:11,,Phoenix,Mercury,PHX,Phoenix Mercury,Mercury,,,https://a.espncdn.com/i/teamlogos/wnba/500/phx.png,losses,Losses,L,Losses,L,losses,16,16.0
2017,2,Western Conference,W,,11,s:40~l:59~t:11,,Phoenix,Mercury,PHX,Phoenix Mercury,Mercury,,,https://a.espncdn.com/i/teamlogos/wnba/500/phx.png,playoffSeed,Position,POS,Playoff Seed,SEED,playoffseed,3,3.0
2017,2,Western Conference,W,,11,s:40~l:59~t:11,,Phoenix,Mercury,PHX,Phoenix Mercury,Mercury,,,https://a.espncdn.com/i/teamlogos/wnba/500/phx.png,pointDifferential,Point Differential,DIFF,Point Differential,DIFF,pointdifferential,0,0.0
2017,2,Western Conference,W,,11,s:40~l:59~t:11,,Phoenix,Mercury,PHX,Phoenix Mercury,Mercury,,,https://a.espncdn.com/i/teamlogos/wnba/500/phx.png,points,Points,PTS,Total Points,PTS,points,1.0,1.0
2017,2,Western Conference,W,,11,s:40~l:59~t:11,,Phoenix,Mercury,PHX,Phoenix Mercury,Mercury,,,https://a.espncdn.com/i/teamlogos/wnba/500/phx.png,pointsAgainst,Points Against,PA,Total Points Against,PA,pointsagainst,2784,2784.0
2017,2,Western Conference,W,,11,s:40~l:59~t:11,,Phoenix,Mercury,PHX,Phoenix Mercury,Mercury,,,https://a.espncdn.com/i/teamlogos/wnba/500/phx.png,pointsFor,Points For,PF,Total Points For,PF,pointsfor,2784,2784.0
2017,2,Western Conference,W,,11,s:40~l:59~t:11,,Phoenix,Mercury,PHX,Phoenix Mercury,Mercury,,,https://a.espncdn.com/i/teamlogos/wnba/500/phx.png,streak,Streak,STRK,Current Streak,STRK,streak,W3,3.0
2017,2,Western Conference,W,,11,s:40~l:59~t:11,,Phoenix,Mercury,PHX,Phoenix Mercury,Mercury,,,https://a.espncdn.com/i/teamlogos/wnba/500/phx.png,winPercent,Win Percentage,PCT,Winning Percentage,PCT,winpercent,.529,0.5294118
2017,2,Western Conference,W,,11,s:40~l:59~t:11,,Phoenix,Mercury,PHX,Phoenix Mercury,Mercury,,,https://a.espncdn.com/i/teamlogos/wnba/500/phx.png,wins,Wins,W,Wins,W,wins,18,18.0
2017,2,Western Conference,W,,11,s:40~l:59~t:11,,Phoenix,Mercury,PHX,Phoenix Mercury,Mercury,,,https://a.espncdn.com/i/teamlogos/wnba/500/phx.png,gamesAhead,Games Ahead,GA,Games Ahead,GA,gamesahead,-,0.0
2017,2,Western Conference,W,,11,s:40~l:59~t:11,,Phoenix,Mercury,PHX,Phoenix Mercury,Mercury,,,https://a.espncdn.com/i/teamlogos/wnba/500/phx.png,overall,Overall,OVER,Overall Record,Total,total,18-16,
2017,2,Western Conference,W,,11,s:40~l:59~t:11,,Phoenix,Mercury,PHX,Phoenix Mercury,Mercury,,,https://a.espncdn.com/i/teamlogos/wnba/500/phx.png,Home,Home,HOME,Home Record,,home,9-8,
2017,2,Western Conference,W,,11,s:40~l:59~t:11,,Phoenix,Mercury,PHX,Phoenix Mercury,Mercury,,,https://a.espncdn.com/i/teamlogos/wnba/500/phx.png,Road,Road,AWAY,Away Record,,road,9-8,
2017,2,Western Conference,W,,11,s:40~l:59~t:11,,Phoenix,Mercury,PHX,Phoenix Mercury,Mercury,,,https://a.espncdn.com/i/teamlogos/wnba/500/phx.png,vs. Div.,DIV,DIV,Division Record,,vsdiv,0-0,
2017,2,Western Conference,W,,11,s:40~l:59~t:11,,Phoenix,Mercury,PHX,Phoenix Mercury,Mercury,,,https://a.espncdn.com/i/teamlogos/wnba/500/phx.png,vs. Conf.,CONF,CONF,Conference Record,,vsconf,7-9,
2017,2,Western Conference,W,,11,s:40~l:59~t:11,,Phoenix,Mercury,PHX,Phoenix Mercury,Mercury,,,https://a.espncdn.com/i/teamlogos/wnba/500/phx.png,Last Ten Games,Last Ten Games,L10,Record last 10 games,Last Ten,lasttengames,5-5,
2017,2,Western Conference,W,,3,s:40~l:59~t:3,,Dallas,Wings,DAL,Dallas Wings,Wings,,,https://a.espncdn.com/i/teamlogos/wnba/500/dal.png,avgPointsAgainst,Opponent Points Per Game,OPP PPG,Opponent Points Per Game,OPP PPG,avgpointsagainst,88.8,88.79412
2017,2,Western Conference,W,,3,s:40~l:59~t:3,,Dallas,Wings,DAL,Dallas Wings,Wings,,,https://a.espncdn.com/i/teamlogos/wnba/500/dal.png,avgPointsFor,Points Per Game,PPG,Points Per Game,PPG,avgpointsfor,86.1,86.14706
2017,2,Western Conference,W,,3,s:40~l:59~t:3,,Dallas,Wings,DAL,Dallas Wings,Wings,,,https://a.espncdn.com/i/teamlogos/wnba/500/dal.png,clincher,Clincher,CLINCH,Clinched Playoff Berth,CLINCH,clincher,x,1.0
2017,2,Western Conference,W,,3,s:40~l:59~t:3,,Dallas,Wings,DAL,Dallas Wings,Wings,,,https://a.espncdn.com/i/teamlogos/wnba/500/dal.png,differential,Average Point Differential,DIFF,Average Point Differential,DIFF,differential,-2.7,-2.7
2017,2,Western Conference,W,,3,s:40~l:59~t:3,,Dallas,Wings,DAL,Dallas Wings,Wings,,,https://a.espncdn.com/i/teamlogos/wnba/500/dal.png,divisionWinPercent,Division Win Percentage,DPCT,Division Winning Percentage,DPCT,divisionwinpercent,0.000,0.0
2017,2,Western Conference,W,,3,s:40~l:59~t:3,,Dallas,Wings,DAL,Dallas Wings,Wings,,,https://a.espncdn.com/i/teamlogos/wnba/500/dal.png,gamesBehind,Games Back,GB,Games Back,GB,gamesbehind,11,11.0
2017,2,Western Conference,W,,3,s:40~l:59~t:3,,Dallas,Wings,DAL,Dallas Wings,Wings,,,https://a.espncdn.com/i/teamlogos/wnba/500/dal.png,leagueWinPercent,League Win Percentage,LPCT,League Winning Percentage,LPCT,leaguewinpercent,0.438,0.4375
2017,2,Western Conference,W,,3,s:40~l:59~t:3,,Dallas,Wings,DAL,Dallas Wings,Wings,,,https://a.espncdn.com/i/teamlogos/wnba/500/dal.png,losses,Losses,L,Losses,L,losses,18,18.0
2017,2,Western Conference,W,,3,s:40~l:59~t:3,,Dallas,Wings,DAL,Dallas Wings,Wings,,,https://a.espncdn.com/i/teamlogos/wnba/500/dal.png,playoffSeed,Position,POS,Playoff Seed,SEED,playoffseed,4,4.0
2017,2,Western Conference,W,,3,s:40~l:59~t:3,,Dallas,Wings,DAL,Dallas Wings,Wings,,,https://a.espncdn.com/i/teamlogos/wnba/500/dal.png,pointDifferential,Point Differential,DIFF,Point Differential,DIFF,pointdifferential,-90,-90.0
2017,2,Western Conference,W,,3,s:40~l:59~t:3,,Dallas,Wings,DAL,Dallas Wings,Wings,,,https://a.espncdn.com/i/teamlogos/wnba/500/dal.png,points,Points,PTS,Total Points,PTS,points,-1.0,-1.0
2017,2,Western Conference,W,,3,s:40~l:59~t:3,,Dallas,Wings,DAL,Dallas Wings,Wings,,,https://a.espncdn.com/i/teamlogos/wnba/500/dal.png,pointsAgainst,Points Against,PA,Total Points Against,PA,pointsagainst,3019,3019.0
2017,2,Western Conference,W,,3,s:40~l:59~t:3,,Dallas,Wings,DAL,Dallas Wings,Wings,,,https://a.espncdn.com/i/teamlogos/wnba/500/dal.png,pointsFor,Points For,PF,Total Points For,PF,pointsfor,2929,2929.0
2017,2,Western Conference,W,,3,s:40~l:59~t:3,,Dallas,Wings,DAL,Dallas Wings,Wings,,,https://a.espncdn.com/i/teamlogos/wnba/500/dal.png,streak,Streak,STRK,Current Streak,STRK,streak,L1,-1.0
2017,2,Western Conference,W,,3,s:40~l:59~t:3,,Dallas,Wings,DAL,Dallas Wings,Wings,,,https://a.espncdn.com/i/teamlogos/wnba/500/dal.png,winPercent,Win Percentage,PCT,Winning Percentage,PCT,winpercent,.471,0.47058824
2017,2,Western Conference,W,,3,s:40~l:59~t:3,,Dallas,Wings,DAL,Dallas Wings,Wings,,,https://a.espncdn.com/i/teamlogos/wnba/500/dal.png,wins,Wins,W,Wins,W,wins,16,16.0
2017,2,Western Conference,W,,3,s:40~l:59~t:3,,Dallas,Wings,DAL,Dallas Wings,Wings,,,https://a.espncdn.com/i/teamlogos/wnba/500/dal.png,gamesAhead,Games Ahead,GA,Games Ahead,GA,gamesahead,-,0.0
2017,2,Western Conference,W,,3,s:40~l:59~t:3,,Dallas,Wings,DAL,Dallas Wings,Wings,,,https://a.espncdn.com/i/teamlogos/wnba/500/dal.png,overall,Overall,OVER,Overall Record,Total,total,16-18,
2017,2,Western Conference,W,,3,s:40~l:59~t:3,,Dallas,Wings,DAL,Dallas Wings,Wings,,,https://a.espncdn.com/i/teamlogos/wnba/500/dal.png,Home,Home,HOME,Home Record,,home,10-7,
2017,2,Western Conference,W,,3,s:40~l:59~t:3,,Dallas,Wings,DAL,Dallas Wings,Wings,,,https://a.espncdn.com/i/teamlogos/wnba/500/dal.png,Road,Road,AWAY,Away Record,,road,6-11,
2017,2,Western Conference,W,,3,s:40~l:59~t:3,,Dallas,Wings,DAL,Dallas Wings,Wings,,,https://a.espncdn.com/i/teamlogos/wnba/500/dal.png,vs. Div.,DIV,DIV,Division Record,,vsdiv,0-0,
2017,2,Western Conference,W,,3,s:40~l:59~t:3,,Dallas,Wings,DAL,Dallas Wings,Wings,,,https://a.espncdn.com/i/teamlogos/wnba/500/dal.png,vs. Conf.,CONF,CONF,Conference Record,,vsconf,7-9,
2017,2,Western Conference,W,,3,s:40~l:59~t:3,,Dallas,Wings,DAL,Dallas Wings,Wings,,,https://a.espncdn.com/i/teamlogos/wnba/500/dal.png,Last Ten Games,Last Ten Games,L10,Record last 10 games,Last Ten,lasttengames,5-5,
2017,2,Western Conference,W,,14,s:40~l:59~t:14,,Seattle,Storm,SEA,Seattle Storm,Storm,,,https://a.espncdn.com/i/teamlogos/wnba/500/sea.png,avgPointsAgainst,Opponent Points Per Game,OPP PPG,Opponent Points Per Game,OPP PPG,avgpointsagainst,82.6,82.588234
2017,2,Western Conference,W,,14,s:40~l:59~t:14,,Seattle,Storm,SEA,Seattle Storm,Storm,,,https://a.espncdn.com/i/teamlogos/wnba/500/sea.png,avgPointsFor,Points Per Game,PPG,Points Per Game,PPG,avgpointsfor,82.6,82.588234
2017,2,Western Conference,W,,14,s:40~l:59~t:14,,Seattle,Storm,SEA,Seattle Storm,Storm,,,https://a.espncdn.com/i/teamlogos/wnba/500/sea.png,clincher,Clincher,CLINCH,Clinched Playoff Berth,CLINCH,clincher,x,1.0
2017,2,Western Conference,W,,14,s:40~l:59~t:14,,Seattle,Storm,SEA,Seattle Storm,Storm,,,https://a.espncdn.com/i/teamlogos/wnba/500/sea.png,differential,Average Point Differential,DIFF,Average Point Differential,DIFF,differential,0.0,0.0
2017,2,Western Conference,W,,14,s:40~l:59~t:14,,Seattle,Storm,SEA,Seattle Storm,Storm,,,https://a.espncdn.com/i/teamlogos/wnba/500/sea.png,divisionWinPercent,Division Win Percentage,DPCT,Division Winning Percentage,DPCT,divisionwinpercent,0.000,0.0
2017,2,Western Conference,W,,14,s:40~l:59~t:14,,Seattle,Storm,SEA,Seattle Storm,Storm,,,https://a.espncdn.com/i/teamlogos/wnba/500/sea.png,gamesBehind,Games Back,GB,Games Back,GB,gamesbehind,12,12.0
2017,2,Western Conference,W,,14,s:40~l:59~t:14,,Seattle,Storm,SEA,Seattle Storm,Storm,,,https://a.espncdn.com/i/teamlogos/wnba/500/sea.png,leagueWinPercent,League Win Percentage,LPCT,League Winning Percentage,LPCT,leaguewinpercent,0.500,0.5
2017,2,Western Conference,W,,14,s:40~l:59~t:14,,Seattle,Storm,SEA,Seattle Storm,Storm,,,https://a.espncdn.com/i/teamlogos/wnba/500/sea.png,losses,Losses,L,Losses,L,losses,19,19.0
2017,2,Western Conference,W,,14,s:40~l:59~t:14,,Seattle,Storm,SEA,Seattle Storm,Storm,,,https://a.espncdn.com/i/teamlogos/wnba/500/sea.png,playoffSeed,Position,POS,Playoff Seed,SEED,playoffseed,5,5.0
2017,2,Western Conference,W,,14,s:40~l:59~t:14,,Seattle,Storm,SEA,Seattle Storm,Storm,,,https://a.espncdn.com/i/teamlogos/wnba/500/sea.png,pointDifferential,Point Differential,DIFF,Point Differential,DIFF,pointdifferential,0,0.0
2017,2,Western Conference,W,,14,s:40~l:59~t:14,,Seattle,Storm,SEA,Seattle Storm,Storm,,,https://a.espncdn.com/i/teamlogos/wnba/500/sea.png,points,Points,PTS,Total Points,PTS,points,-2.0,-2.0
2017,2,Western Conference,W,,14,s:40~l:59~t:14,,Seattle,Storm,SEA,Seattle Storm,Storm,,,https://a.espncdn.com/i/teamlogos/wnba/500/sea.png,pointsAgainst,Points Against,PA,Total Points Against,PA,pointsagainst,2808,2808.0
2017,2,Western Conference,W,,14,s:40~l:59~t:14,,Seattle,Storm,SEA,Seattle Storm,Storm,,,https://a.espncdn.com/i/teamlogos/wnba/500/sea.png,pointsFor,Points For,PF,Total Points For,PF,pointsfor,2808,2808.0
2017,2,Western Conference,W,,14,s:40~l:59~t:14,,Seattle,Storm,SEA,Seattle Storm,Storm,,,https://a.espncdn.com/i/teamlogos/wnba/500/sea.png,streak,Streak,STRK,Current Streak,STRK,streak,W1,1.0
2017,2,Western Conference,W,,14,s:40~l:59~t:14,,Seattle,Storm,SEA,Seattle Storm,Storm,,,https://a.espncdn.com/i/teamlogos/wnba/500/sea.png,winPercent,Win Percentage,PCT,Winning Percentage,PCT,winpercent,.441,0.44117647
2017,2,Western Conference,W,,14,s:40~l:59~t:14,,Seattle,Storm,SEA,Seattle Storm,Storm,,,https://a.espncdn.com/i/teamlogos/wnba/500/sea.png,wins,Wins,W,Wins,W,wins,15,15.0
2017,2,Western Conference,W,,14,s:40~l:59~t:14,,Seattle,Storm,SEA,Seattle Storm,Storm,,,https://a.espncdn.com/i/teamlogos/wnba/500/sea.png,gamesAhead,Games Ahead,GA,Games Ahead,GA,gamesahead,-,0.0
2017,2,Western Conference,W,,14,s:40~l:59~t:14,,Seattle,Storm,SEA,Seattle Storm,Storm,,,https://a.espncdn.com/i/teamlogos/wnba/500/sea.png,overall,Overall,OVER,Overall Record,Total,total,15-19,
2017,2,Western Conference,W,,14,s:40~l:59~t:14,,Seattle,Storm,SEA,Seattle Storm,Storm,,,https://a.espncdn.com/i/teamlogos/wnba/500/sea.png,Home,Home,HOME,Home Record,,home,10-7,
2017,2,Western Conference,W,,14,s:40~l:59~t:14,,Seattle,Storm,SEA,Seattle Storm,Storm,,,https://a.espncdn.com/i/teamlogos/wnba/500/sea.png,Road,Road,AWAY,Away Record,,road,5-12,
2017,2,Western Conference,W,,14,s:40~l:59~t:14,,Seattle,Storm,SEA,Seattle Storm,Storm,,,https://a.espncdn.com/i/teamlogos/wnba/500/sea.png,vs. Div.,DIV,DIV,Division Record,,vsdiv,0-0,
2017,2,Western Conference,W,,14,s:40~l:59~t:14,,Seattle,Storm,SEA,Seattle Storm,Storm,,,https://a.espncdn.com/i/teamlogos/wnba/500/sea.png,vs. Conf.,CONF,CONF,Conference Record,,vsconf,8-8,
2017,2,Western Conference,W,,14,s:40~l:59~t:14,,Seattle,Storm,SEA,Seattle Storm,Storm,,,https://a.espncdn.com/i/teamlogos/wnba/500/sea.png,Last Ten Games,Last Ten Games,L10,Record last 10 games,Last Ten,lasttengames,5-5,
2017,2,Western Conference,W,,17,s:40~l:59~t:17,,San Antonio,Stars,SA,San Antonio Stars,Stars,,,https://a.espncdn.com/guid/c97eb968-6e82-9785-a302-0bb1a1c1d064/logos/default.png,avgPointsAgainst,Opponent Points Per Game,OPP PPG,Opponent Points Per Game,OPP PPG,avgpointsagainst,81.4,81.35294
2017,2,Western Conference,W,,17,s:40~l:59~t:17,,San Antonio,Stars,SA,San Antonio Stars,Stars,,,https://a.espncdn.com/guid/c97eb968-6e82-9785-a302-0bb1a1c1d064/logos/default.png,avgPointsFor,Points Per Game,PPG,Points Per Game,PPG,avgpointsfor,74.4,74.382355
2017,2,Western Conference,W,,17,s:40~l:59~t:17,,San Antonio,Stars,SA,San Antonio Stars,Stars,,,https://a.espncdn.com/guid/c97eb968-6e82-9785-a302-0bb1a1c1d064/logos/default.png,clincher,Clincher,CLINCH,Eliminated From Playoffs,CLINCH,clincher,e,4.0
2017,2,Western Conference,W,,17,s:40~l:59~t:17,,San Antonio,Stars,SA,San Antonio Stars,Stars,,,https://a.espncdn.com/guid/c97eb968-6e82-9785-a302-0bb1a1c1d064/logos/default.png,differential,Average Point Differential,DIFF,Average Point Differential,DIFF,differential,-7.0,-7.0
2017,2,Western Conference,W,,17,s:40~l:59~t:17,,San Antonio,Stars,SA,San Antonio Stars,Stars,,,https://a.espncdn.com/guid/c97eb968-6e82-9785-a302-0bb1a1c1d064/logos/default.png,divisionWinPercent,Division Win Percentage,DPCT,Division Winning Percentage,DPCT,divisionwinpercent,0.000,0.0
2017,2,Western Conference,W,,17,s:40~l:59~t:17,,San Antonio,Stars,SA,San Antonio Stars,Stars,,,https://a.espncdn.com/guid/c97eb968-6e82-9785-a302-0bb1a1c1d064/logos/default.png,gamesBehind,Games Back,GB,Games Back,GB,gamesbehind,19,19.0
2017,2,Western Conference,W,,17,s:40~l:59~t:17,,San Antonio,Stars,SA,San Antonio Stars,Stars,,,https://a.espncdn.com/guid/c97eb968-6e82-9785-a302-0bb1a1c1d064/logos/default.png,leagueWinPercent,League Win Percentage,LPCT,League Winning Percentage,LPCT,leaguewinpercent,0.063,0.0625
2017,2,Western Conference,W,,17,s:40~l:59~t:17,,San Antonio,Stars,SA,San Antonio Stars,Stars,,,https://a.espncdn.com/guid/c97eb968-6e82-9785-a302-0bb1a1c1d064/logos/default.png,losses,Losses,L,Losses,L,losses,26,26.0
2017,2,Western Conference,W,,17,s:40~l:59~t:17,,San Antonio,Stars,SA,San Antonio Stars,Stars,,,https://a.espncdn.com/guid/c97eb968-6e82-9785-a302-0bb1a1c1d064/logos/default.png,playoffSeed,Position,POS,Playoff Seed,SEED,playoffseed,6,6.0
2017,2,Western Conference,W,,17,s:40~l:59~t:17,,San Antonio,Stars,SA,San Antonio Stars,Stars,,,https://a.espncdn.com/guid/c97eb968-6e82-9785-a302-0bb1a1c1d064/logos/default.png,pointDifferential,Point Differential,DIFF,Point Differential,DIFF,pointdifferential,-237,-237.0
2017,2,Western Conference,W,,17,s:40~l:59~t:17,,San Antonio,Stars,SA,San Antonio Stars,Stars,,,https://a.espncdn.com/guid/c97eb968-6e82-9785-a302-0bb1a1c1d064/logos/default.png,points,Points,PTS,Total Points,PTS,points,-9.0,-9.0
2017,2,Western Conference,W,,17,s:40~l:59~t:17,,San Antonio,Stars,SA,San Antonio Stars,Stars,,,https://a.espncdn.com/guid/c97eb968-6e82-9785-a302-0bb1a1c1d064/logos/default.png,pointsAgainst,Points Against,PA,Total Points Against,PA,pointsagainst,2766,2766.0
2017,2,Western Conference,W,,17,s:40~l:59~t:17,,San Antonio,Stars,SA,San Antonio Stars,Stars,,,https://a.espncdn.com/guid/c97eb968-6e82-9785-a302-0bb1a1c1d064/logos/default.png,pointsFor,Points For,PF,Total Points For,PF,pointsfor,2529,2529.0
2017,2,Western Conference,W,,17,s:40~l:59~t:17,,San Antonio,Stars,SA,San Antonio Stars,Stars,,,https://a.espncdn.com/guid/c97eb968-6e82-9785-a302-0bb1a1c1d064/logos/default.png,streak,Streak,STRK,Current Streak,STRK,streak,W1,1.0
2017,2,Western Conference,W,,17,s:40~l:59~t:17,,San Antonio,Stars,SA,San Antonio Stars,Stars,,,https://a.espncdn.com/guid/c97eb968-6e82-9785-a302-0bb1a1c1d064/logos/default.png,winPercent,Win Percentage,PCT,Winning Percentage,PCT,winpercent,.235,0.23529412
2017,2,Western Conference,W,,17,s:40~l:59~t:17,,San Antonio,Stars,SA,San Antonio Stars,Stars,,,https://a.espncdn.com/guid/c97eb968-6e82-9785-a302-0bb1a1c1d064/logos/default.png,wins,Wins,W,Wins,W,wins,8,8.0
2017,2,Western Conference,W,,17,s:40~l:59~t:17,,San Antonio,Stars,SA,San Antonio Stars,Stars,,,https://a.espncdn.com/guid/c97eb968-6e82-9785-a302-0bb1a1c1d064/logos/default.png,gamesAhead,Games Ahead,GA,Games Ahead,GA,gamesahead,-,0.0
2017,2,Western Conference,W,,17,s:40~l:59~t:17,,San Antonio,Stars,SA,San Antonio Stars,Stars,,,https://a.espncdn.com/guid/c97eb968-6e82-9785-a302-0bb1a1c1d064/logos/default.png,overall,Overall,OVER,Overall Record,Total,total,8-26,
2017,2,Western Conference,W,,17,s:40~l:59~t:17,,San Antonio,Stars,SA,San Antonio Stars,Stars,,,https://a.espncdn.com/guid/c97eb968-6e82-9785-a302-0bb1a1c1d064/logos/default.png,Home,Home,HOME,Home Record,,home,6-11,
2017,2,Western Conference,W,,17,s:40~l:59~t:17,,San Antonio,Stars,SA,San Antonio Stars,Stars,,,https://a.espncdn.com/guid/c97eb968-6e82-9785-a302-0bb1a1c1d064/logos/default.png,Road,Road,AWAY,Away Record,,road,2-15,
2017,2,Western Conference,W,,17,s:40~l:59~t:17,,San Antonio,Stars,SA,San Antonio Stars,Stars,,,https://a.espncdn.com/guid/c97eb968-6e82-9785-a302-0bb1a1c1d064/logos/default.png,vs. Div.,DIV,DIV,Division Record,,vsdiv,0-0,
2017,2,Western Conference,W,,17,s:40~l:59~t:17,,San Antonio,Stars,SA,San Antonio Stars,Stars,,,https://a.espncdn.com/guid/c97eb968-6e82-9785-a302-0bb1a1c1d064/logos/default.png,vs. Conf.,CONF,CONF,Conference Record,,vsconf,1-15,
2017,2,Western Conference,W,,17,s:40~l:59~t:17,,San Antonio,Stars,SA,San Antonio Stars,Stars,,,https://a.espncdn.com/guid/c97eb968-6e82-9785-a302-0bb1a1c1d064/logos/default.png,Last Ten Games,Last Ten Games,L10,Record last 10 games,Last Ten,lasttengames,5-5,
