season,game_id,official_id,official_uid,official_full_name,official_display_name,official_first_name,official_last_name,official_order,position_name,position_display_name
2018,401018781,2616231,,Che Flores,Che Flores,Che,Flores,1,Referee,Referee
2018,401018781,2992920,,Tom Mauer,Tom Mauer,Tom,Mauer,2,Referee,Referee
2018,401018781,2994497,,Maj Forsberg,Maj Forsberg,Maj,Forsberg,3,Referee,Referee
2018,401018782,2992921,,Jeff Smith,Jeff Smith,Jeff,Smith,1,Referee,Referee
2018,401018782,2993575,,Michael Price,Michael Price,Michael,Price,2,Referee,Referee
2018,401018782,4218190,,Katie Lukanich,Katie Lukanich,Katie,Lukanich,3,Referee,Referee
2018,401018783,1207,,Billy Smith,Billy Smith,Billy,Smith,1,Referee,Referee
2018,401018783,2609971,,Tiara Cruse,Tiara Cruse,Tiara,Cruse,2,Referee,Referee
2018,401018783,2994496,,Billy Smith,Billy Smith,Billy,Smith,2,Referee,Referee
2018,401018783,2616556,,Donald Hudson,Donald Hudson,Donald,Hudson,3,Referee,Referee
2018,401018784,2615850,,Sue Blauch,Sue Blauch,Sue,Blauch,1,Referee,Referee
2018,401018784,2994429,,Tim Greene,Tim Greene,Tim,Greene,2,Referee,Referee
2018,401018784,3081694,,Isaac Barnett,Isaac Barnett,Isaac,Barnett,3,Referee,Referee
2018,401018785,2992941,,Daryl Humphrey,Daryl Humphrey,Daryl,Humphrey,1,Referee,Referee
2018,401018785,2993070,,Roy Gulbeyan,Roy Gulbeyan,Roy,Gulbeyan,2,Referee,Referee
2018,401018785,3032139,,Janetta Graham,Janetta Graham,Janetta,Graham,3,Referee,Referee
2018,401018786,52027,,Tiffany  Bird,Tiffany  Bird,Tiffany,Bird,1,Referee,Referee
2018,401018786,2616231,,Che Flores,Che Flores,Che,Flores,2,Referee,Referee
2018,401018786,2994497,,Maj Forsberg,Maj Forsberg,Maj,Forsberg,3,Referee,Referee
2018,401018787,2992939,,Eric Brewton,Eric Brewton,Eric,Brewton,1,Referee,Referee
2018,401018787,2995627,,Byron Jarrett,Byron Jarrett,Byron,Jarrett,2,Referee,Referee
2018,401018787,3956446,,Karleena Tobin,Karleena Tobin,Karleena,Tobin,3,Referee,Referee
2018,401018788,2993069,,Kurt Walker,Kurt Walker,Kurt,Walker,1,Referee,Referee
2018,401018788,2993576,,Jeff Wooten,Jeff Wooten,Jeff,Wooten,2,Referee,Referee
2018,401018788,4011264,,Natalie Sago,Natalie Sago,Natalie,Sago,2,Referee,Referee
2018,401018788,4337092,,Jeff Wooten,Jeff Wooten,Jeff,Wooten,3,Referee,Referee
2018,401018789,2992939,,Eric Brewton,Eric Brewton,Eric,Brewton,1,Referee,Referee
2018,401018789,4011264,,Natalie Sago,Natalie Sago,Natalie,Sago,2,Referee,Referee
2018,401018789,4223401,,Randy Richardson,Randy Richardson,Randy,Richardson,2,Referee,Referee
2018,401018789,4237495,,Natalie Sago,Natalie Sago,Natalie,Sago,3,Referee,Referee
2018,401018790,2616231,,Che Flores,Che Flores,Che,Flores,1,Referee,Referee
2018,401018790,2993070,,Roy Gulbeyan,Roy Gulbeyan,Roy,Gulbeyan,1,Referee,Referee
2018,401018790,2995793,,Tony Dawkins,Tony Dawkins,Tony,Dawkins,2,Referee,Referee
2018,401018791,8599,,Brenda Pantoja,Brenda Pantoja,Brenda,Pantoja,1,Referee,Referee
2018,401018791,1207,,Billy Smith,Billy Smith,Billy,Smith,2,Referee,Referee
2018,401018791,4337091,,Kevin Sparrock,Kevin Sparrock,Kevin,Sparrock,3,Referee,Referee
2018,401018792,2992921,,Jeff Smith,Jeff Smith,Jeff,Smith,1,Referee,Referee
2018,401018792,2995627,,Byron Jarrett,Byron Jarrett,Byron,Jarrett,2,Referee,Referee
2018,401018792,4218190,,Katie Lukanich,Katie Lukanich,Katie,Lukanich,3,Referee,Referee
2018,401018793,2993575,,Michael Price,Michael Price,Michael,Price,1,Referee,Referee
2018,401018793,3009087,,Fatou Cissoko-Stephens,Fatou Cissoko-Stephens,Fatou,Cissoko-Stephens,2,Referee,Referee
2018,401018793,4217543,,Tiffany Bird,Tiffany Bird,Tiffany,Bird,2,Referee,Referee
2018,401018793,4217619,,Fatou Cissoko-Stephens,Fatou Cissoko-Stephens,Fatou,Cissoko-Stephens,3,Referee,Referee
2018,401018794,2992917,,Sue Blauch,Sue Blauch,Sue,Blauch,1,Referee,Referee
2018,401018794,2993070,,Roy Gulbeyan,Roy Gulbeyan,Roy,Gulbeyan,2,Referee,Referee
2018,401018794,2994429,,Tim Greene,Tim Greene,Tim,Greene,3,Referee,Referee
2018,401018795,2992920,,Tom Mauer,Tom Mauer,Tom,Mauer,1,Referee,Referee
2018,401018795,2995627,,Byron Jarrett,Byron Jarrett,Byron,Jarrett,2,Referee,Referee
2018,401018795,4135553,,Ashley Moyer-Gleich,Ashley Moyer-Gleich,Ashley,Moyer-Gleich,3,Referee,Referee
2018,401018796,2993576,,Jeff Wooten,Jeff Wooten,Jeff,Wooten,1,Referee,Referee
2018,401018796,3032139,,Janetta Graham,Janetta Graham,Janetta,Graham,1,Referee,Referee
2018,401018796,4337092,,Jeff Wooten,Jeff Wooten,Jeff,Wooten,2,Referee,Referee
2018,401018796,4337503,,John Butler,John Butler,John,Butler,3,Referee,Referee
2018,401018797,2994497,,Maj Forsberg,Maj Forsberg,Maj,Forsberg,1,Referee,Referee
2018,401018797,4018672,,Isaac Barnett,Isaac Barnett,Isaac,Barnett,2,Referee,Referee
2018,401018797,4073490,,Toni Patillo,Toni Patillo,Toni,Patillo,3,Referee,Referee
2018,401018798,2282947,,Chris Douglas-Roberts,Chris Douglas-Roberts,Chris,Douglas-Roberts,1,Referee,Referee
2018,401018798,2992939,,Eric Brewton,Eric Brewton,Eric,Brewton,1,Referee,Referee
2018,401018798,2994429,,Tim Greene,Tim Greene,Tim,Greene,2,Referee,Referee
2018,401018798,4337401,,Kevin Fahy,Kevin Fahy,Kevin,Fahy,3,Referee,Referee
2018,401018798,4337503,,John Butler,John Butler,John,Butler,3,Referee,Referee
2018,401018799,1182,,Janetta Graham,Janetta Graham,Janetta,Graham,1,Referee,Referee
2018,401018799,2993576,,Jeff Wooten,Jeff Wooten,Jeff,Wooten,2,Referee,Referee
2018,401018799,4337503,,John Butler,John Butler,John,Butler,3,Referee,Referee
2018,401018800,1207,,Billy Smith,Billy Smith,Billy,Smith,1,Referee,Referee
2018,401018800,2994496,,Billy Smith,Billy Smith,Billy,Smith,1,Referee,Referee
2018,401018800,3009087,,Fatou Cissoko-Stephens,Fatou Cissoko-Stephens,Fatou,Cissoko-Stephens,2,Referee,Referee
2018,401018800,4217619,,Fatou Cissoko-Stephens,Fatou Cissoko-Stephens,Fatou,Cissoko-Stephens,2,Referee,Referee
2018,401018800,4223401,,Randy Richardson,Randy Richardson,Randy,Richardson,3,Referee,Referee
2018,401018801,2993069,,Kurt Walker,Kurt Walker,Kurt,Walker,1,Referee,Referee
2018,401018801,4018672,,Isaac Barnett,Isaac Barnett,Isaac,Barnett,2,Referee,Referee
2018,401018801,4073490,,Toni Patillo,Toni Patillo,Toni,Patillo,3,Referee,Referee
2018,401018802,1205,,Lamont Simpson,Lamont Simpson,Lamont,Simpson,1,Referee,Referee
2018,401018802,2992941,,Daryl Humphrey,Daryl Humphrey,Daryl,Humphrey,2,Referee,Referee
2018,401018802,2993070,,Roy Gulbeyan,Roy Gulbeyan,Roy,Gulbeyan,3,Referee,Referee
2018,401018802,3158611,,Jenna Schroeder,Jenna Schroeder,Jenna,Schroeder,3,Referee,Referee
2018,401018803,2992921,,Jeff Smith,Jeff Smith,Jeff,Smith,1,Referee,Referee
2018,401018803,3032468,,Donald Hudson,Donald Hudson,Donald,Hudson,2,Referee,Referee
2018,401018803,3158611,,Jenna Schroeder,Jenna Schroeder,Jenna,Schroeder,3,Referee,Referee
2018,401018803,4337503,,John Butler,John Butler,John,Butler,3,Referee,Referee
2018,401018804,2992917,,Sue Blauch,Sue Blauch,Sue,Blauch,1,Referee,Referee
2018,401018804,2994496,,Billy Smith,Billy Smith,Billy,Smith,2,Referee,Referee
2018,401018804,4223401,,Randy Richardson,Randy Richardson,Randy,Richardson,3,Referee,Referee
2018,401018805,3032139,,Janetta Graham,Janetta Graham,Janetta,Graham,1,Referee,Referee
2018,401018805,4217543,,Tiffany Bird,Tiffany Bird,Tiffany,Bird,2,Referee,Referee
2018,401018805,4218190,,Katie Lukanich,Katie Lukanich,Katie,Lukanich,3,Referee,Referee
2018,401018806,2992939,,Eric Brewton,Eric Brewton,Eric,Brewton,1,Referee,Referee
2018,401018806,2992941,,Daryl Humphrey,Daryl Humphrey,Daryl,Humphrey,2,Referee,Referee
2018,401018806,4011264,,Natalie Sago,Natalie Sago,Natalie,Sago,3,Referee,Referee
2018,401018807,8599,,Brenda Pantoja,Brenda Pantoja,Brenda,Pantoja,1,Referee,Referee
2018,401018807,2992920,,Tom Mauer,Tom Mauer,Tom,Mauer,2,Referee,Referee
2018,401018807,2992940,,Brenda Pantoja,Brenda Pantoja,Brenda,Pantoja,2,Referee,Referee
2018,401018807,4337503,,John Butler,John Butler,John,Butler,3,Referee,Referee
2018,401018808,2993575,,Michael Price,Michael Price,Michael,Price,1,Referee,Referee
2018,401018808,2993576,,Jeff Wooten,Jeff Wooten,Jeff,Wooten,2,Referee,Referee
2018,401018808,3032139,,Janetta Graham,Janetta Graham,Janetta,Graham,3,Referee,Referee
2018,401018809,52027,,Tiffany  Bird,Tiffany  Bird,Tiffany,Bird,1,Referee,Referee
2018,401018809,2992939,,Eric Brewton,Eric Brewton,Eric,Brewton,2,Referee,Referee
2018,401018809,3158611,,Jenna Schroeder,Jenna Schroeder,Jenna,Schroeder,3,Referee,Referee
2018,401018810,2992917,,Sue Blauch,Sue Blauch,Sue,Blauch,1,Referee,Referee
2018,401018810,2993069,,Kurt Walker,Kurt Walker,Kurt,Walker,2,Referee,Referee
2018,401018810,4337091,,Kevin Sparrock,Kevin Sparrock,Kevin,Sparrock,3,Referee,Referee
2018,401018811,2993070,,Roy Gulbeyan,Roy Gulbeyan,Roy,Gulbeyan,1,Referee,Referee
2018,401018811,3081694,,Isaac Barnett,Isaac Barnett,Isaac,Barnett,2,Referee,Referee
2018,401018811,4218190,,Katie Lukanich,Katie Lukanich,Katie,Lukanich,3,Referee,Referee
2018,401018812,2616231,,Che Flores,Che Flores,Che,Flores,1,Referee,Referee
2018,401018812,2994429,,Tim Greene,Tim Greene,Tim,Greene,2,Referee,Referee
2018,401018812,3032468,,Donald Hudson,Donald Hudson,Donald,Hudson,3,Referee,Referee
2018,401018813,2282947,,Chris Douglas-Roberts,Chris Douglas-Roberts,Chris,Douglas-Roberts,1,Referee,Referee
2018,401018813,2616817,,Tony Dawkins,Tony Dawkins,Tony,Dawkins,1,Referee,Referee
2018,401018813,2995627,,Byron Jarrett,Byron Jarrett,Byron,Jarrett,2,Referee,Referee
2018,401018813,3032139,,Janetta Graham,Janetta Graham,Janetta,Graham,2,Referee,Referee
2018,401018813,4073490,,Toni Patillo,Toni Patillo,Toni,Patillo,3,Referee,Referee
2018,401018813,4337503,,John Butler,John Butler,John,Butler,3,Referee,Referee
2018,401018814,2992921,,Jeff Smith,Jeff Smith,Jeff,Smith,1,Referee,Referee
2018,401018814,2993575,,Michael Price,Michael Price,Michael,Price,2,Referee,Referee
2018,401018814,3956446,,Karleena Tobin,Karleena Tobin,Karleena,Tobin,3,Referee,Referee
2018,401018815,52027,,Tiffany  Bird,Tiffany  Bird,Tiffany,Bird,1,Referee,Referee
2018,401018815,2615850,,Sue Blauch,Sue Blauch,Sue,Blauch,2,Referee,Referee
2018,401018815,4011264,,Natalie Sago,Natalie Sago,Natalie,Sago,3,Referee,Referee
2018,401018816,2609971,,Tiara Cruse,Tiara Cruse,Tiara,Cruse,1,Referee,Referee
2018,401018816,2993576,,Jeff Wooten,Jeff Wooten,Jeff,Wooten,2,Referee,Referee
2018,401018816,4337092,,Jeff Wooten,Jeff Wooten,Jeff,Wooten,2,Referee,Referee
2018,401018816,4337401,,Kevin Fahy,Kevin Fahy,Kevin,Fahy,3,Referee,Referee
2018,401018817,2992920,,Tom Mauer,Tom Mauer,Tom,Mauer,1,Referee,Referee
2018,401018817,2992921,,Jeff Smith,Jeff Smith,Jeff,Smith,2,Referee,Referee
2018,401018817,2994497,,Maj Forsberg,Maj Forsberg,Maj,Forsberg,3,Referee,Referee
2018,401018818,1207,,Billy Smith,Billy Smith,Billy,Smith,1,Referee,Referee
2018,401018818,2609971,,Tiara Cruse,Tiara Cruse,Tiara,Cruse,2,Referee,Referee
2018,401018818,4218555,,Kevin Sparrack,Kevin Sparrack,Kevin,Sparrack,3,Referee,Referee
2018,401018820,2609971,,Tiara Cruse,Tiara Cruse,Tiara,Cruse,1,Referee,Referee
2018,401018820,2615865,,Tom Mauer,Tom Mauer,Tom,Mauer,2,Referee,Referee
2018,401018820,2994497,,Maj Forsberg,Maj Forsberg,Maj,Forsberg,3,Referee,Referee
2018,401018819,2993576,,Jeff Wooten,Jeff Wooten,Jeff,Wooten,1,Referee,Referee
2018,401018819,2994429,,Tim Greene,Tim Greene,Tim,Greene,2,Referee,Referee
2018,401018819,3158611,,Jenna Schroeder,Jenna Schroeder,Jenna,Schroeder,3,Referee,Referee
2018,401018821,1207,,Billy Smith,Billy Smith,Billy,Smith,1,Referee,Referee
2018,401018821,2993070,,Roy Gulbeyan,Roy Gulbeyan,Roy,Gulbeyan,2,Referee,Referee
2018,401018821,2994496,,Billy Smith,Billy Smith,Billy,Smith,3,Referee,Referee
2018,401018821,4218190,,Katie Lukanich,Katie Lukanich,Katie,Lukanich,3,Referee,Referee
2018,401018824,2992939,,Eric Brewton,Eric Brewton,Eric,Brewton,1,Referee,Referee
2018,401018824,3032468,,Donald Hudson,Donald Hudson,Donald,Hudson,2,Referee,Referee
2018,401018824,4135553,,Ashley Moyer-Gleich,Ashley Moyer-Gleich,Ashley,Moyer-Gleich,3,Referee,Referee
2018,401018822,2609971,,Tiara Cruse,Tiara Cruse,Tiara,Cruse,1,Referee,Referee
2018,401018822,2993576,,Jeff Wooten,Jeff Wooten,Jeff,Wooten,2,Referee,Referee
2018,401018822,4337092,,Jeff Wooten,Jeff Wooten,Jeff,Wooten,2,Referee,Referee
2018,401018822,4337503,,John Butler,John Butler,John,Butler,3,Referee,Referee
2018,401018823,1207,,Billy Smith,Billy Smith,Billy,Smith,1,Referee,Referee
2018,401018823,2993069,,Kurt Walker,Kurt Walker,Kurt,Walker,2,Referee,Referee
2018,401018823,2994496,,Billy Smith,Billy Smith,Billy,Smith,3,Referee,Referee
2018,401018823,4218190,,Katie Lukanich,Katie Lukanich,Katie,Lukanich,3,Referee,Referee
2018,401018825,2992921,,Jeff Smith,Jeff Smith,Jeff,Smith,1,Referee,Referee
2018,401018825,4018672,,Isaac Barnett,Isaac Barnett,Isaac,Barnett,2,Referee,Referee
2018,401018825,4223401,,Randy Richardson,Randy Richardson,Randy,Richardson,3,Referee,Referee
2018,401018826,2992917,,Sue Blauch,Sue Blauch,Sue,Blauch,1,Referee,Referee
2018,401018826,2993071,,Kevin Sparrock,Kevin Sparrock,Kevin,Sparrock,2,Referee,Referee
2018,401018826,4337091,,Kevin Sparrock,Kevin Sparrock,Kevin,Sparrock,2,Referee,Referee
2018,401018826,4337401,,Kevin Fahy,Kevin Fahy,Kevin,Fahy,3,Referee,Referee
2018,401018827,2992939,,Eric Brewton,Eric Brewton,Eric,Brewton,1,Referee,Referee
2018,401018827,3032468,,Donald Hudson,Donald Hudson,Donald,Hudson,2,Referee,Referee
2018,401018827,4135553,,Ashley Moyer-Gleich,Ashley Moyer-Gleich,Ashley,Moyer-Gleich,3,Referee,Referee
2018,401018828,2993575,,Michael Price,Michael Price,Michael,Price,1,Referee,Referee
2018,401018828,2994429,,Tim Greene,Tim Greene,Tim,Greene,2,Referee,Referee
2018,401018828,3032139,,Janetta Graham,Janetta Graham,Janetta,Graham,3,Referee,Referee
2018,401018829,2993069,,Kurt Walker,Kurt Walker,Kurt,Walker,1,Referee,Referee
2018,401018829,2995793,,Tony Dawkins,Tony Dawkins,Tony,Dawkins,2,Referee,Referee
2018,401018829,3956446,,Karleena Tobin,Karleena Tobin,Karleena,Tobin,3,Referee,Referee
2018,401018830,1207,,Billy Smith,Billy Smith,Billy,Smith,1,Referee,Referee
2018,401018830,2994496,,Billy Smith,Billy Smith,Billy,Smith,2,Referee,Referee
2018,401018830,4218190,,Katie Lukanich,Katie Lukanich,Katie,Lukanich,2,Referee,Referee
2018,401018830,4223401,,Randy Richardson,Randy Richardson,Randy,Richardson,3,Referee,Referee
2018,401018831,2992917,,Sue Blauch,Sue Blauch,Sue,Blauch,1,Referee,Referee
2018,401018831,2992921,,Jeff Smith,Jeff Smith,Jeff,Smith,2,Referee,Referee
2018,401018831,2995627,,Byron Jarrett,Byron Jarrett,Byron,Jarrett,3,Referee,Referee
2018,401018832,8599,,Brenda Pantoja,Brenda Pantoja,Brenda,Pantoja,1,Referee,Referee
2018,401018832,2992940,,Brenda Pantoja,Brenda Pantoja,Brenda,Pantoja,1,Referee,Referee
2018,401018832,2993576,,Jeff Wooten,Jeff Wooten,Jeff,Wooten,2,Referee,Referee
2018,401018832,3032139,,Janetta Graham,Janetta Graham,Janetta,Graham,3,Referee,Referee
2018,401018833,2616231,,Che Flores,Che Flores,Che,Flores,1,Referee,Referee
2018,401018833,2993575,,Michael Price,Michael Price,Michael,Price,2,Referee,Referee
2018,401018833,2994429,,Tim Greene,Tim Greene,Tim,Greene,3,Referee,Referee
2018,401018834,2609971,,Tiara Cruse,Tiara Cruse,Tiara,Cruse,1,Referee,Referee
2018,401018834,2992939,,Eric Brewton,Eric Brewton,Eric,Brewton,2,Referee,Referee
2018,401018834,3956446,,Karleena Tobin,Karleena Tobin,Karleena,Tobin,3,Referee,Referee
2018,401018835,2995793,,Tony Dawkins,Tony Dawkins,Tony,Dawkins,1,Referee,Referee
2018,401018835,4018672,,Isaac Barnett,Isaac Barnett,Isaac,Barnett,2,Referee,Referee
2018,401018835,4217543,,Tiffany Bird,Tiffany Bird,Tiffany,Bird,3,Referee,Referee
2018,401018836,2995627,,Byron Jarrett,Byron Jarrett,Byron,Jarrett,1,Referee,Referee
2018,401018836,3032468,,Donald Hudson,Donald Hudson,Donald,Hudson,2,Referee,Referee
2018,401018836,4011264,,Natalie Sago,Natalie Sago,Natalie,Sago,3,Referee,Referee
2018,401018837,1207,,Billy Smith,Billy Smith,Billy,Smith,1,Referee,Referee
2018,401018837,2994496,,Billy Smith,Billy Smith,Billy,Smith,1,Referee,Referee
2018,401018837,4018672,,Isaac Barnett,Isaac Barnett,Isaac,Barnett,2,Referee,Referee
2018,401018837,4217543,,Tiffany Bird,Tiffany Bird,Tiffany,Bird,3,Referee,Referee
2018,401018838,8599,,Brenda Pantoja,Brenda Pantoja,Brenda,Pantoja,1,Referee,Referee
2018,401018838,2992940,,Brenda Pantoja,Brenda Pantoja,Brenda,Pantoja,1,Referee,Referee
2018,401018838,2993070,,Roy Gulbeyan,Roy Gulbeyan,Roy,Gulbeyan,2,Referee,Referee
2018,401018838,3956446,,Karleena Tobin,Karleena Tobin,Karleena,Tobin,3,Referee,Referee
2018,401018839,2994429,,Tim Greene,Tim Greene,Tim,Greene,1,Referee,Referee
2018,401018839,2994497,,Maj Forsberg,Maj Forsberg,Maj,Forsberg,2,Referee,Referee
2018,401018839,3009087,,Fatou Cissoko-Stephens,Fatou Cissoko-Stephens,Fatou,Cissoko-Stephens,3,Referee,Referee
2018,401018839,4217619,,Fatou Cissoko-Stephens,Fatou Cissoko-Stephens,Fatou,Cissoko-Stephens,3,Referee,Referee
2018,401018840,2992917,,Sue Blauch,Sue Blauch,Sue,Blauch,1,Referee,Referee
2018,401018840,2992920,,Tom Mauer,Tom Mauer,Tom,Mauer,2,Referee,Referee
2018,401018840,4217543,,Tiffany Bird,Tiffany Bird,Tiffany,Bird,3,Referee,Referee
2018,401018841,1213,,Kurt Walker,Kurt Walker,Kurt,Walker,1,Referee,Referee
2018,401018841,2995627,,Byron Jarrett,Byron Jarrett,Byron,Jarrett,2,Referee,Referee
2018,401018841,4011264,,Natalie Sago,Natalie Sago,Natalie,Sago,3,Referee,Referee
2018,401018842,2616231,,Che Flores,Che Flores,Che,Flores,1,Referee,Referee
2018,401018842,2993576,,Jeff Wooten,Jeff Wooten,Jeff,Wooten,2,Referee,Referee
2018,401018842,4337091,,Kevin Sparrock,Kevin Sparrock,Kevin,Sparrock,2,Referee,Referee
2018,401018842,4337092,,Jeff Wooten,Jeff Wooten,Jeff,Wooten,3,Referee,Referee
2018,401018843,2992921,,Jeff Smith,Jeff Smith,Jeff,Smith,1,Referee,Referee
2018,401018843,2993070,,Roy Gulbeyan,Roy Gulbeyan,Roy,Gulbeyan,2,Referee,Referee
2018,401018843,3009087,,Fatou Cissoko-Stephens,Fatou Cissoko-Stephens,Fatou,Cissoko-Stephens,3,Referee,Referee
2018,401018843,4217619,,Fatou Cissoko-Stephens,Fatou Cissoko-Stephens,Fatou,Cissoko-Stephens,3,Referee,Referee
2018,401018844,2609971,,Tiara Cruse,Tiara Cruse,Tiara,Cruse,1,Referee,Referee
2018,401018844,2992941,,Daryl Humphrey,Daryl Humphrey,Daryl,Humphrey,2,Referee,Referee
2018,401018844,2994497,,Maj Forsberg,Maj Forsberg,Maj,Forsberg,3,Referee,Referee
2018,401018845,2609971,,Tiara Cruse,Tiara Cruse,Tiara,Cruse,1,Referee,Referee
2018,401018845,2993070,,Roy Gulbeyan,Roy Gulbeyan,Roy,Gulbeyan,2,Referee,Referee
2018,401018845,3009087,,Fatou Cissoko-Stephens,Fatou Cissoko-Stephens,Fatou,Cissoko-Stephens,3,Referee,Referee
2018,401018845,4217619,,Fatou Cissoko-Stephens,Fatou Cissoko-Stephens,Fatou,Cissoko-Stephens,3,Referee,Referee
2018,401018846,2992939,,Eric Brewton,Eric Brewton,Eric,Brewton,1,Referee,Referee
2018,401018846,2994429,,Tim Greene,Tim Greene,Tim,Greene,2,Referee,Referee
2018,401018846,4135553,,Ashley Moyer-Gleich,Ashley Moyer-Gleich,Ashley,Moyer-Gleich,3,Referee,Referee
2018,401018847,2992921,,Jeff Smith,Jeff Smith,Jeff,Smith,1,Referee,Referee
2018,401018847,2994497,,Maj Forsberg,Maj Forsberg,Maj,Forsberg,2,Referee,Referee
2018,401018847,4218190,,Katie Lukanich,Katie Lukanich,Katie,Lukanich,3,Referee,Referee
2018,401018848,2616231,,Che Flores,Che Flores,Che,Flores,1,Referee,Referee
2018,401018848,2993575,,Michael Price,Michael Price,Michael,Price,2,Referee,Referee
2018,401018848,4223401,,Randy Richardson,Randy Richardson,Randy,Richardson,3,Referee,Referee
2018,401018849,8599,,Brenda Pantoja,Brenda Pantoja,Brenda,Pantoja,1,Referee,Referee
2018,401018849,2992940,,Brenda Pantoja,Brenda Pantoja,Brenda,Pantoja,1,Referee,Referee
2018,401018849,2992941,,Daryl Humphrey,Daryl Humphrey,Daryl,Humphrey,2,Referee,Referee
2018,401018849,2993069,,Kurt Walker,Kurt Walker,Kurt,Walker,3,Referee,Referee
2018,401018850,2993576,,Jeff Wooten,Jeff Wooten,Jeff,Wooten,1,Referee,Referee
2018,401018850,2994429,,Tim Greene,Tim Greene,Tim,Greene,2,Referee,Referee
2018,401018850,4218190,,Katie Lukanich,Katie Lukanich,Katie,Lukanich,3,Referee,Referee
2018,401018851,2616231,,Che Flores,Che Flores,Che,Flores,1,Referee,Referee
2018,401018851,2993575,,Michael Price,Michael Price,Michael,Price,2,Referee,Referee
2018,401018851,3081694,,Isaac Barnett,Isaac Barnett,Isaac,Barnett,3,Referee,Referee
2018,401018852,1213,,Kurt Walker,Kurt Walker,Kurt,Walker,1,Referee,Referee
2018,401018852,2609971,,Tiara Cruse,Tiara Cruse,Tiara,Cruse,2,Referee,Referee
2018,401018852,3956446,,Karleena Tobin,Karleena Tobin,Karleena,Tobin,3,Referee,Referee
2018,401018853,1206,,Jeff Smith,Jeff Smith,Jeff,Smith,1,Referee,Referee
2018,401018853,1207,,Billy Smith,Billy Smith,Billy,Smith,2,Referee,Referee
2018,401018853,2615850,,Sue Blauch,Sue Blauch,Sue,Blauch,3,Referee,Referee
2018,401018853,2994496,,Billy Smith,Billy Smith,Billy,Smith,3,Referee,Referee
2018,401018854,2992941,,Daryl Humphrey,Daryl Humphrey,Daryl,Humphrey,1,Referee,Referee
2018,401018854,2995627,,Byron Jarrett,Byron Jarrett,Byron,Jarrett,2,Referee,Referee
2018,401018854,3032139,,Janetta Graham,Janetta Graham,Janetta,Graham,3,Referee,Referee
2018,401018855,2993070,,Roy Gulbeyan,Roy Gulbeyan,Roy,Gulbeyan,1,Referee,Referee
2018,401018855,4011264,,Natalie Sago,Natalie Sago,Natalie,Sago,2,Referee,Referee
2018,401018855,4337091,,Kevin Sparrock,Kevin Sparrock,Kevin,Sparrock,3,Referee,Referee
2018,401018856,2992917,,Sue Blauch,Sue Blauch,Sue,Blauch,1,Referee,Referee
2018,401018856,2993069,,Kurt Walker,Kurt Walker,Kurt,Walker,2,Referee,Referee
2018,401018856,4223401,,Randy Richardson,Randy Richardson,Randy,Richardson,3,Referee,Referee
2018,401018857,2992920,,Tom Mauer,Tom Mauer,Tom,Mauer,1,Referee,Referee
2018,401018857,2992939,,Eric Brewton,Eric Brewton,Eric,Brewton,2,Referee,Referee
2018,401018857,3032139,,Janetta Graham,Janetta Graham,Janetta,Graham,3,Referee,Referee
2018,401018858,2609971,,Tiara Cruse,Tiara Cruse,Tiara,Cruse,1,Referee,Referee
2018,401018858,2993575,,Michael Price,Michael Price,Michael,Price,2,Referee,Referee
2018,401018858,3032468,,Donald Hudson,Donald Hudson,Donald,Hudson,3,Referee,Referee
2018,401018859,8599,,Brenda Pantoja,Brenda Pantoja,Brenda,Pantoja,1,Referee,Referee
2018,401018859,2992940,,Brenda Pantoja,Brenda Pantoja,Brenda,Pantoja,1,Referee,Referee
2018,401018859,2993070,,Roy Gulbeyan,Roy Gulbeyan,Roy,Gulbeyan,2,Referee,Referee
2018,401018859,4011264,,Natalie Sago,Natalie Sago,Natalie,Sago,3,Referee,Referee
2018,401018860,1207,,Billy Smith,Billy Smith,Billy,Smith,1,Referee,Referee
2018,401018860,2994429,,Tim Greene,Tim Greene,Tim,Greene,2,Referee,Referee
2018,401018860,2994496,,Billy Smith,Billy Smith,Billy,Smith,3,Referee,Referee
2018,401018860,4218190,,Katie Lukanich,Katie Lukanich,Katie,Lukanich,3,Referee,Referee
2018,401018861,2616231,,Che Flores,Che Flores,Che,Flores,1,Referee,Referee
2018,401018861,2993575,,Michael Price,Michael Price,Michael,Price,2,Referee,Referee
2018,401018861,4223401,,Randy Richardson,Randy Richardson,Randy,Richardson,3,Referee,Referee
2018,401018862,2992917,,Sue Blauch,Sue Blauch,Sue,Blauch,1,Referee,Referee
2018,401018862,2992921,,Jeff Smith,Jeff Smith,Jeff,Smith,2,Referee,Referee
2018,401018862,4337401,,Kevin Fahy,Kevin Fahy,Kevin,Fahy,3,Referee,Referee
2018,401018863,2992939,,Eric Brewton,Eric Brewton,Eric,Brewton,1,Referee,Referee
2018,401018863,2993576,,Jeff Wooten,Jeff Wooten,Jeff,Wooten,2,Referee,Referee
2018,401018863,3158611,,Jenna Schroeder,Jenna Schroeder,Jenna,Schroeder,2,Referee,Referee
2018,401018863,4337092,,Jeff Wooten,Jeff Wooten,Jeff,Wooten,3,Referee,Referee
2018,401018864,2995627,,Byron Jarrett,Byron Jarrett,Byron,Jarrett,1,Referee,Referee
2018,401018864,4011264,,Natalie Sago,Natalie Sago,Natalie,Sago,2,Referee,Referee
2018,401018864,4337503,,John Butler,John Butler,John,Butler,3,Referee,Referee
2018,401018865,4018672,,Isaac Barnett,Isaac Barnett,Isaac,Barnett,1,Referee,Referee
2018,401018865,4217543,,Tiffany Bird,Tiffany Bird,Tiffany,Bird,2,Referee,Referee
2018,401018865,4337091,,Kevin Sparrock,Kevin Sparrock,Kevin,Sparrock,3,Referee,Referee
2018,401018866,2616231,,Che Flores,Che Flores,Che,Flores,1,Referee,Referee
2018,401018866,3009087,,Fatou Cissoko-Stephens,Fatou Cissoko-Stephens,Fatou,Cissoko-Stephens,2,Referee,Referee
2018,401018866,3032139,,Janetta Graham,Janetta Graham,Janetta,Graham,2,Referee,Referee
2018,401018866,4217619,,Fatou Cissoko-Stephens,Fatou Cissoko-Stephens,Fatou,Cissoko-Stephens,3,Referee,Referee
2018,401018867,2992920,,Tom Mauer,Tom Mauer,Tom,Mauer,1,Referee,Referee
2018,401018867,2994497,,Maj Forsberg,Maj Forsberg,Maj,Forsberg,2,Referee,Referee
2018,401018867,4135553,,Ashley Moyer-Gleich,Ashley Moyer-Gleich,Ashley,Moyer-Gleich,3,Referee,Referee
2018,401018868,2993576,,Jeff Wooten,Jeff Wooten,Jeff,Wooten,1,Referee,Referee
2018,401018868,3956446,,Karleena Tobin,Karleena Tobin,Karleena,Tobin,1,Referee,Referee
2018,401018868,4073490,,Toni Patillo,Toni Patillo,Toni,Patillo,2,Referee,Referee
2018,401018868,4337092,,Jeff Wooten,Jeff Wooten,Jeff,Wooten,3,Referee,Referee
2018,401018869,8599,,Brenda Pantoja,Brenda Pantoja,Brenda,Pantoja,1,Referee,Referee
2018,401018869,2992921,,Jeff Smith,Jeff Smith,Jeff,Smith,2,Referee,Referee
2018,401018869,2992940,,Brenda Pantoja,Brenda Pantoja,Brenda,Pantoja,2,Referee,Referee
2018,401018869,2994429,,Tim Greene,Tim Greene,Tim,Greene,3,Referee,Referee
2018,401018870,2994497,,Maj Forsberg,Maj Forsberg,Maj,Forsberg,1,Referee,Referee
2018,401018870,4018672,,Isaac Barnett,Isaac Barnett,Isaac,Barnett,2,Referee,Referee
2018,401018870,4217543,,Tiffany Bird,Tiffany Bird,Tiffany,Bird,3,Referee,Referee
2018,401018871,2609971,,Tiara Cruse,Tiara Cruse,Tiara,Cruse,1,Referee,Referee
2018,401018871,2993069,,Kurt Walker,Kurt Walker,Kurt,Walker,2,Referee,Referee
2018,401018871,3009087,,Fatou Cissoko-Stephens,Fatou Cissoko-Stephens,Fatou,Cissoko-Stephens,3,Referee,Referee
2018,401018871,4217619,,Fatou Cissoko-Stephens,Fatou Cissoko-Stephens,Fatou,Cissoko-Stephens,3,Referee,Referee
2018,401018872,1207,,Billy Smith,Billy Smith,Billy,Smith,1,Referee,Referee
2018,401018872,2616556,,Donald Hudson,Donald Hudson,Donald,Hudson,2,Referee,Referee
2018,401018872,3032139,,Janetta Graham,Janetta Graham,Janetta,Graham,3,Referee,Referee
2018,401018873,2616231,,Che Flores,Che Flores,Che,Flores,1,Referee,Referee
2018,401018873,4223401,,Randy Richardson,Randy Richardson,Randy,Richardson,2,Referee,Referee
2018,401018873,4337091,,Kevin Sparrock,Kevin Sparrock,Kevin,Sparrock,3,Referee,Referee
2018,401018874,2992939,,Eric Brewton,Eric Brewton,Eric,Brewton,1,Referee,Referee
2018,401018874,2995627,,Byron Jarrett,Byron Jarrett,Byron,Jarrett,2,Referee,Referee
2018,401018874,3009087,,Fatou Cissoko-Stephens,Fatou Cissoko-Stephens,Fatou,Cissoko-Stephens,3,Referee,Referee
2018,401018874,4217619,,Fatou Cissoko-Stephens,Fatou Cissoko-Stephens,Fatou,Cissoko-Stephens,3,Referee,Referee
2018,401018875,8599,,Brenda Pantoja,Brenda Pantoja,Brenda,Pantoja,1,Referee,Referee
2018,401018875,2992940,,Brenda Pantoja,Brenda Pantoja,Brenda,Pantoja,1,Referee,Referee
2018,401018875,52027,,Tiffany  Bird,Tiffany  Bird,Tiffany,Bird,2,Referee,Referee
2018,401018875,3081694,,Isaac Barnett,Isaac Barnett,Isaac,Barnett,3,Referee,Referee
2018,401018876,2616817,,Tony Dawkins,Tony Dawkins,Tony,Dawkins,1,Referee,Referee
2018,401018876,2993575,,Michael Price,Michael Price,Michael,Price,2,Referee,Referee
2018,401018876,4073490,,Toni Patillo,Toni Patillo,Toni,Patillo,3,Referee,Referee
2018,401018877,1213,,Kurt Walker,Kurt Walker,Kurt,Walker,1,Referee,Referee
2018,401018877,2993576,,Jeff Wooten,Jeff Wooten,Jeff,Wooten,2,Referee,Referee
2018,401018877,4011264,,Natalie Sago,Natalie Sago,Natalie,Sago,3,Referee,Referee
2018,401018878,2994497,,Maj Forsberg,Maj Forsberg,Maj,Forsberg,1,Referee,Referee
2018,401018878,3032468,,Donald Hudson,Donald Hudson,Donald,Hudson,2,Referee,Referee
2018,401018878,4337401,,Kevin Fahy,Kevin Fahy,Kevin,Fahy,3,Referee,Referee
2018,401018879,1207,,Billy Smith,Billy Smith,Billy,Smith,1,Referee,Referee
2018,401018879,2994496,,Billy Smith,Billy Smith,Billy,Smith,2,Referee,Referee
2018,401018879,4135553,,Ashley Moyer-Gleich,Ashley Moyer-Gleich,Ashley,Moyer-Gleich,2,Referee,Referee
2018,401018879,4218190,,Katie Lukanich,Katie Lukanich,Katie,Lukanich,3,Referee,Referee
2018,401018880,2992939,,Eric Brewton,Eric Brewton,Eric,Brewton,1,Referee,Referee
2018,401018880,2995627,,Byron Jarrett,Byron Jarrett,Byron,Jarrett,2,Referee,Referee
2018,401018880,3956446,,Karleena Tobin,Karleena Tobin,Karleena,Tobin,3,Referee,Referee
2018,401018881,2992921,,Jeff Smith,Jeff Smith,Jeff,Smith,1,Referee,Referee
2018,401018881,4218190,,Katie Lukanich,Katie Lukanich,Katie,Lukanich,2,Referee,Referee
2018,401018881,2993576,,Jeff Wooten,Jeff Wooten,Jeff,Wooten,3,Referee,Referee
2018,401018881,4337092,,Jeff Wooten,Jeff Wooten,Jeff,Wooten,3,Referee,Referee
2018,401018882,2616231,,Che Flores,Che Flores,Che,Flores,1,Referee,Referee
2018,401018882,2994429,,Tim Greene,Tim Greene,Tim,Greene,2,Referee,Referee
2018,401018882,4223401,,Randy Richardson,Randy Richardson,Randy,Richardson,3,Referee,Referee
2018,401018883,2609971,,Tiara Cruse,Tiara Cruse,Tiara,Cruse,1,Referee,Referee
2018,401018883,2994497,,Maj Forsberg,Maj Forsberg,Maj,Forsberg,2,Referee,Referee
2018,401018883,4018672,,Isaac Barnett,Isaac Barnett,Isaac,Barnett,3,Referee,Referee
2018,401018884,2616231,,Che Flores,Che Flores,Che,Flores,1,Referee,Referee
2018,401018884,2994429,,Tim Greene,Tim Greene,Tim,Greene,2,Referee,Referee
2018,401018884,4223401,,Randy Richardson,Randy Richardson,Randy,Richardson,3,Referee,Referee
2018,401018885,2609971,,Tiara Cruse,Tiara Cruse,Tiara,Cruse,1,Referee,Referee
2018,401018885,2992939,,Eric Brewton,Eric Brewton,Eric,Brewton,2,Referee,Referee
2018,401018885,4337503,,John Butler,John Butler,John,Butler,3,Referee,Referee
2018,401018886,2993576,,Jeff Wooten,Jeff Wooten,Jeff,Wooten,1,Referee,Referee
2018,401018886,2995627,,Byron Jarrett,Byron Jarrett,Byron,Jarrett,2,Referee,Referee
2018,401018886,3956446,,Karleena Tobin,Karleena Tobin,Karleena,Tobin,3,Referee,Referee
2018,401018887,8599,,Brenda Pantoja,Brenda Pantoja,Brenda,Pantoja,1,Referee,Referee
2018,401018887,2992940,,Brenda Pantoja,Brenda Pantoja,Brenda,Pantoja,1,Referee,Referee
2018,401018887,2994496,,Billy Smith,Billy Smith,Billy,Smith,2,Referee,Referee
2018,401018887,4011264,,Natalie Sago,Natalie Sago,Natalie,Sago,3,Referee,Referee
2018,401018888,1206,,Jeff Smith,Jeff Smith,Jeff,Smith,1,Referee,Referee
2018,401018888,52027,,Tiffany  Bird,Tiffany  Bird,Tiffany,Bird,2,Referee,Referee
2018,401018888,2616556,,Donald Hudson,Donald Hudson,Donald,Hudson,3,Referee,Referee
2018,401018889,2992917,,Sue Blauch,Sue Blauch,Sue,Blauch,1,Referee,Referee
2018,401018889,4018672,,Isaac Barnett,Isaac Barnett,Isaac,Barnett,2,Referee,Referee
2018,401018889,4223401,,Randy Richardson,Randy Richardson,Randy,Richardson,3,Referee,Referee
2018,401018890,1207,,Billy Smith,Billy Smith,Billy,Smith,1,Referee,Referee
2018,401018890,2994496,,Billy Smith,Billy Smith,Billy,Smith,1,Referee,Referee
2018,401018890,3032468,,Donald Hudson,Donald Hudson,Donald,Hudson,2,Referee,Referee
2018,401018890,4217543,,Tiffany Bird,Tiffany Bird,Tiffany,Bird,3,Referee,Referee
2018,401018891,2609971,,Tiara Cruse,Tiara Cruse,Tiara,Cruse,1,Referee,Referee
2018,401018891,2992939,,Eric Brewton,Eric Brewton,Eric,Brewton,2,Referee,Referee
2018,401018891,2995793,,Tony Dawkins,Tony Dawkins,Tony,Dawkins,3,Referee,Referee
2018,401018892,2993069,,Kurt Walker,Kurt Walker,Kurt,Walker,1,Referee,Referee
2018,401018892,3032139,,Janetta Graham,Janetta Graham,Janetta,Graham,2,Referee,Referee
2018,401018892,4337503,,John Butler,John Butler,John,Butler,3,Referee,Referee
2018,401018893,8599,,Brenda Pantoja,Brenda Pantoja,Brenda,Pantoja,1,Referee,Referee
2018,401018893,2992940,,Brenda Pantoja,Brenda Pantoja,Brenda,Pantoja,1,Referee,Referee
2018,401018893,2995627,,Byron Jarrett,Byron Jarrett,Byron,Jarrett,2,Referee,Referee
2018,401018893,4337091,,Kevin Sparrock,Kevin Sparrock,Kevin,Sparrock,3,Referee,Referee
2018,401018894,2992917,,Sue Blauch,Sue Blauch,Sue,Blauch,1,Referee,Referee
2018,401018894,2994429,,Tim Greene,Tim Greene,Tim,Greene,2,Referee,Referee
2018,401018894,4018672,,Isaac Barnett,Isaac Barnett,Isaac,Barnett,3,Referee,Referee
2018,401018895,2992921,,Jeff Smith,Jeff Smith,Jeff,Smith,1,Referee,Referee
2018,401018895,2992941,,Daryl Humphrey,Daryl Humphrey,Daryl,Humphrey,2,Referee,Referee
2018,401018895,3158611,,Jenna Schroeder,Jenna Schroeder,Jenna,Schroeder,3,Referee,Referee
2018,401018896,2993070,,Roy Gulbeyan,Roy Gulbeyan,Roy,Gulbeyan,1,Referee,Referee
2018,401018896,2995793,,Tony Dawkins,Tony Dawkins,Tony,Dawkins,2,Referee,Referee
2018,401018896,3032139,,Janetta Graham,Janetta Graham,Janetta,Graham,3,Referee,Referee
2018,401018897,2616231,,Che Flores,Che Flores,Che,Flores,1,Referee,Referee
2018,401018897,2992941,,Daryl Humphrey,Daryl Humphrey,Daryl,Humphrey,2,Referee,Referee
2018,401018897,4073490,,Toni Patillo,Toni Patillo,Toni,Patillo,3,Referee,Referee
2018,401018898,2995627,,Byron Jarrett,Byron Jarrett,Byron,Jarrett,1,Referee,Referee
2018,401018898,3009087,,Fatou Cissoko-Stephens,Fatou Cissoko-Stephens,Fatou,Cissoko-Stephens,2,Referee,Referee
2018,401018898,3956446,,Karleena Tobin,Karleena Tobin,Karleena,Tobin,3,Referee,Referee
2018,401018899,2992920,,Tom Mauer,Tom Mauer,Tom,Mauer,1,Referee,Referee
2018,401018899,2994497,,Maj Forsberg,Maj Forsberg,Maj,Forsberg,2,Referee,Referee
2018,401018899,4217543,,Tiffany Bird,Tiffany Bird,Tiffany,Bird,3,Referee,Referee
2018,401018900,2609971,,Tiara Cruse,Tiara Cruse,Tiara,Cruse,1,Referee,Referee
2018,401018900,2993069,,Kurt Walker,Kurt Walker,Kurt,Walker,2,Referee,Referee
2018,401018900,3032468,,Donald Hudson,Donald Hudson,Donald,Hudson,3,Referee,Referee
2018,401018901,8599,,Brenda Pantoja,Brenda Pantoja,Brenda,Pantoja,1,Referee,Referee
2018,401018901,2992921,,Jeff Smith,Jeff Smith,Jeff,Smith,2,Referee,Referee
2018,401018901,2992940,,Brenda Pantoja,Brenda Pantoja,Brenda,Pantoja,2,Referee,Referee
2018,401018901,2994429,,Tim Greene,Tim Greene,Tim,Greene,3,Referee,Referee
2018,401018902,2993576,,Jeff Wooten,Jeff Wooten,Jeff,Wooten,1,Referee,Referee
2018,401018902,2995627,,Byron Jarrett,Byron Jarrett,Byron,Jarrett,1,Referee,Referee
2018,401018902,4217619,,Fatou Cissoko-Stephens,Fatou Cissoko-Stephens,Fatou,Cissoko-Stephens,2,Referee,Referee
2018,401018902,3009087,,Fatou Cissoko-Stephens,Fatou Cissoko-Stephens,Fatou,Cissoko-Stephens,3,Referee,Referee
2018,401018902,4337092,,Jeff Wooten,Jeff Wooten,Jeff,Wooten,3,Referee,Referee
2018,401018903,2616231,,Che Flores,Che Flores,Che,Flores,1,Referee,Referee
2018,401018903,2995793,,Tony Dawkins,Tony Dawkins,Tony,Dawkins,2,Referee,Referee
2018,401018903,4217543,,Tiffany Bird,Tiffany Bird,Tiffany,Bird,3,Referee,Referee
2018,401018904,2993069,,Kurt Walker,Kurt Walker,Kurt,Walker,1,Referee,Referee
2018,401018904,3032139,,Janetta Graham,Janetta Graham,Janetta,Graham,2,Referee,Referee
2018,401018904,3956446,,Karleena Tobin,Karleena Tobin,Karleena,Tobin,3,Referee,Referee
2018,401018905,8599,,Brenda Pantoja,Brenda Pantoja,Brenda,Pantoja,1,Referee,Referee
2018,401018905,2992940,,Brenda Pantoja,Brenda Pantoja,Brenda,Pantoja,1,Referee,Referee
2018,401018905,2992941,,Daryl Humphrey,Daryl Humphrey,Daryl,Humphrey,2,Referee,Referee
2018,401018905,2994497,,Maj Forsberg,Maj Forsberg,Maj,Forsberg,3,Referee,Referee
2018,401018906,2992939,,Eric Brewton,Eric Brewton,Eric,Brewton,1,Referee,Referee
2018,401018906,3032468,,Donald Hudson,Donald Hudson,Donald,Hudson,2,Referee,Referee
2018,401018906,4073490,,Toni Patillo,Toni Patillo,Toni,Patillo,3,Referee,Referee
2018,401018907,1207,,Billy Smith,Billy Smith,Billy,Smith,1,Referee,Referee
2018,401018907,2609971,,Tiara Cruse,Tiara Cruse,Tiara,Cruse,2,Referee,Referee
2018,401018907,2994496,,Billy Smith,Billy Smith,Billy,Smith,2,Referee,Referee
2018,401018907,4135553,,Ashley Moyer-Gleich,Ashley Moyer-Gleich,Ashley,Moyer-Gleich,3,Referee,Referee
2018,401018908,2993070,,Roy Gulbeyan,Roy Gulbeyan,Roy,Gulbeyan,1,Referee,Referee
2018,401018908,4073490,,Toni Patillo,Toni Patillo,Toni,Patillo,2,Referee,Referee
2018,401018908,4218190,,Katie Lukanich,Katie Lukanich,Katie,Lukanich,3,Referee,Referee
2018,401018909,2992921,,Jeff Smith,Jeff Smith,Jeff,Smith,1,Referee,Referee
2018,401018909,2993069,,Kurt Walker,Kurt Walker,Kurt,Walker,2,Referee,Referee
2018,401018909,3032139,,Janetta Graham,Janetta Graham,Janetta,Graham,3,Referee,Referee
2018,401018910,2994497,,Maj Forsberg,Maj Forsberg,Maj,Forsberg,1,Referee,Referee
2018,401018910,2995627,,Byron Jarrett,Byron Jarrett,Byron,Jarrett,2,Referee,Referee
2018,401018910,3009087,,Fatou Cissoko-Stephens,Fatou Cissoko-Stephens,Fatou,Cissoko-Stephens,3,Referee,Referee
2018,401018910,4217619,,Fatou Cissoko-Stephens,Fatou Cissoko-Stephens,Fatou,Cissoko-Stephens,3,Referee,Referee
2018,401018911,2993575,,Michael Price,Michael Price,Michael,Price,1,Referee,Referee
2018,401018911,4217543,,Tiffany Bird,Tiffany Bird,Tiffany,Bird,2,Referee,Referee
2018,401018911,4337091,,Kevin Sparrock,Kevin Sparrock,Kevin,Sparrock,3,Referee,Referee
2018,401018912,2992917,,Sue Blauch,Sue Blauch,Sue,Blauch,1,Referee,Referee
2018,401018912,2995793,,Tony Dawkins,Tony Dawkins,Tony,Dawkins,2,Referee,Referee
2018,401018912,4011264,,Natalie Sago,Natalie Sago,Natalie,Sago,3,Referee,Referee
2018,401018913,2993070,,Roy Gulbeyan,Roy Gulbeyan,Roy,Gulbeyan,1,Referee,Referee
2018,401018913,2995793,,Tony Dawkins,Tony Dawkins,Tony,Dawkins,2,Referee,Referee
2018,401018913,4217543,,Tiffany Bird,Tiffany Bird,Tiffany,Bird,3,Referee,Referee
2018,401018914,2992939,,Eric Brewton,Eric Brewton,Eric,Brewton,1,Referee,Referee
2018,401018914,2995627,,Byron Jarrett,Byron Jarrett,Byron,Jarrett,2,Referee,Referee
2018,401018914,3158611,,Jenna Schroeder,Jenna Schroeder,Jenna,Schroeder,3,Referee,Referee
2018,401018915,2993576,,Jeff Wooten,Jeff Wooten,Jeff,Wooten,1,Referee,Referee
2018,401018915,4073490,,Toni Patillo,Toni Patillo,Toni,Patillo,1,Referee,Referee
2018,401018915,4337091,,Kevin Sparrock,Kevin Sparrock,Kevin,Sparrock,2,Referee,Referee
2018,401018915,4337092,,Jeff Wooten,Jeff Wooten,Jeff,Wooten,3,Referee,Referee
2018,401018916,2992921,,Jeff Smith,Jeff Smith,Jeff,Smith,1,Referee,Referee
2018,401018916,2993575,,Michael Price,Michael Price,Michael,Price,2,Referee,Referee
2018,401018916,3956446,,Karleena Tobin,Karleena Tobin,Karleena,Tobin,3,Referee,Referee
2018,401018917,2609971,,Tiara Cruse,Tiara Cruse,Tiara,Cruse,1,Referee,Referee
2018,401018917,2992917,,Sue Blauch,Sue Blauch,Sue,Blauch,2,Referee,Referee
2018,401018917,4337401,,Kevin Fahy,Kevin Fahy,Kevin,Fahy,3,Referee,Referee
2018,401018918,1213,,Kurt Walker,Kurt Walker,Kurt,Walker,1,Referee,Referee
2018,401018918,2616556,,Donald Hudson,Donald Hudson,Donald,Hudson,2,Referee,Referee
2018,401018918,4011264,,Natalie Sago,Natalie Sago,Natalie,Sago,3,Referee,Referee
2018,401018919,2616231,,Che Flores,Che Flores,Che,Flores,1,Referee,Referee
2018,401018919,2616817,,Tony Dawkins,Tony Dawkins,Tony,Dawkins,2,Referee,Referee
2018,401018919,2993070,,Roy Gulbeyan,Roy Gulbeyan,Roy,Gulbeyan,3,Referee,Referee
2018,401018920,8599,,Brenda Pantoja,Brenda Pantoja,Brenda,Pantoja,1,Referee,Referee
2018,401018920,2992940,,Brenda Pantoja,Brenda Pantoja,Brenda,Pantoja,1,Referee,Referee
2018,401018920,2993575,,Michael Price,Michael Price,Michael,Price,2,Referee,Referee
2018,401018920,4337401,,Kevin Fahy,Kevin Fahy,Kevin,Fahy,3,Referee,Referee
2018,401018921,2994497,,Maj Forsberg,Maj Forsberg,Maj,Forsberg,1,Referee,Referee
2018,401018921,3032139,,Janetta Graham,Janetta Graham,Janetta,Graham,2,Referee,Referee
2018,401018921,4223401,,Randy Richardson,Randy Richardson,Randy,Richardson,3,Referee,Referee
2018,401018922,2616231,,Che Flores,Che Flores,Che,Flores,1,Referee,Referee
2018,401018922,2992920,,Tom Mauer,Tom Mauer,Tom,Mauer,2,Referee,Referee
2018,401018922,2993576,,Jeff Wooten,Jeff Wooten,Jeff,Wooten,3,Referee,Referee
2018,401018922,4337092,,Jeff Wooten,Jeff Wooten,Jeff,Wooten,3,Referee,Referee
2018,401018923,2994429,,Tim Greene,Tim Greene,Tim,Greene,1,Referee,Referee
2018,401018923,2995793,,Tony Dawkins,Tony Dawkins,Tony,Dawkins,2,Referee,Referee
2018,401018923,4018672,,Isaac Barnett,Isaac Barnett,Isaac,Barnett,3,Referee,Referee
2018,401018924,2993576,,Jeff Wooten,Jeff Wooten,Jeff,Wooten,1,Referee,Referee
2018,401018924,4011264,,Natalie Sago,Natalie Sago,Natalie,Sago,2,Referee,Referee
2018,401018924,4217543,,Tiffany Bird,Tiffany Bird,Tiffany,Bird,3,Referee,Referee
2018,401018925,1207,,Billy Smith,Billy Smith,Billy,Smith,1,Referee,Referee
2018,401018925,2992921,,Jeff Smith,Jeff Smith,Jeff,Smith,2,Referee,Referee
2018,401018925,2994496,,Billy Smith,Billy Smith,Billy,Smith,2,Referee,Referee
2018,401018925,4223401,,Randy Richardson,Randy Richardson,Randy,Richardson,3,Referee,Referee
2018,401018926,2992917,,Sue Blauch,Sue Blauch,Sue,Blauch,1,Referee,Referee
2018,401018926,2992920,,Tom Mauer,Tom Mauer,Tom,Mauer,2,Referee,Referee
2018,401018926,4018672,,Isaac Barnett,Isaac Barnett,Isaac,Barnett,3,Referee,Referee
2018,401018927,2616556,,Donald Hudson,Donald Hudson,Donald,Hudson,1,Referee,Referee
2018,401018927,2994497,,Maj Forsberg,Maj Forsberg,Maj,Forsberg,2,Referee,Referee
2018,401018927,4337503,,John Butler,John Butler,John,Butler,3,Referee,Referee
2018,401018928,8599,,Brenda Pantoja,Brenda Pantoja,Brenda,Pantoja,1,Referee,Referee
2018,401018928,2992940,,Brenda Pantoja,Brenda Pantoja,Brenda,Pantoja,1,Referee,Referee
2018,401018928,2993070,,Roy Gulbeyan,Roy Gulbeyan,Roy,Gulbeyan,2,Referee,Referee
2018,401018928,4337401,,Kevin Fahy,Kevin Fahy,Kevin,Fahy,3,Referee,Referee
2018,401018929,1207,,Billy Smith,Billy Smith,Billy,Smith,1,Referee,Referee
2018,401018929,2615820,,Bob Trammell,Bob Trammell,Bob,Trammell,2,Referee,Referee
2018,401018929,2994496,,Billy Smith,Billy Smith,Billy,Smith,2,Referee,Referee
2018,401018929,2992921,,Jeff Smith,Jeff Smith,Jeff,Smith,3,Referee,Referee
2018,401018929,3956446,,Karleena Tobin,Karleena Tobin,Karleena,Tobin,3,Referee,Referee
2018,401018930,2992917,,Sue Blauch,Sue Blauch,Sue,Blauch,1,Referee,Referee
2018,401018930,2993070,,Roy Gulbeyan,Roy Gulbeyan,Roy,Gulbeyan,2,Referee,Referee
2018,401018930,3158611,,Jenna Schroeder,Jenna Schroeder,Jenna,Schroeder,3,Referee,Referee
2018,401018931,2992920,,Tom Mauer,Tom Mauer,Tom,Mauer,1,Referee,Referee
2018,401018931,2995627,,Byron Jarrett,Byron Jarrett,Byron,Jarrett,2,Referee,Referee
2018,401018931,4218190,,Katie Lukanich,Katie Lukanich,Katie,Lukanich,3,Referee,Referee
2018,401018932,2994497,,Maj Forsberg,Maj Forsberg,Maj,Forsberg,1,Referee,Referee
2018,401018932,4018672,,Isaac Barnett,Isaac Barnett,Isaac,Barnett,2,Referee,Referee
2018,401018932,4337503,,John Butler,John Butler,John,Butler,3,Referee,Referee
2018,401018933,2993069,,Kurt Walker,Kurt Walker,Kurt,Walker,1,Referee,Referee
2018,401018933,4135553,,Ashley Moyer-Gleich,Ashley Moyer-Gleich,Ashley,Moyer-Gleich,2,Referee,Referee
2018,401018933,4223401,,Randy Richardson,Randy Richardson,Randy,Richardson,3,Referee,Referee
2018,401066195,2993576,,Jeff Wooten,Jeff Wooten,Jeff,Wooten,1,Referee,Referee
2018,401066195,2994497,,Maj Forsberg,Maj Forsberg,Maj,Forsberg,1,Referee,Referee
2018,401066195,3032139,,Janetta Graham,Janetta Graham,Janetta,Graham,2,Referee,Referee
2018,401066195,4337092,,Jeff Wooten,Jeff Wooten,Jeff,Wooten,3,Referee,Referee
2018,401018934,2993069,,Kurt Walker,Kurt Walker,Kurt,Walker,1,Referee,Referee
2018,401018934,3956446,,Karleena Tobin,Karleena Tobin,Karleena,Tobin,2,Referee,Referee
2018,401018934,4018672,,Isaac Barnett,Isaac Barnett,Isaac,Barnett,3,Referee,Referee
2018,401018935,8599,,Brenda Pantoja,Brenda Pantoja,Brenda,Pantoja,1,Referee,Referee
2018,401018935,2992940,,Brenda Pantoja,Brenda Pantoja,Brenda,Pantoja,1,Referee,Referee
2018,401018935,2992941,,Daryl Humphrey,Daryl Humphrey,Daryl,Humphrey,2,Referee,Referee
2018,401018935,3032468,,Donald Hudson,Donald Hudson,Donald,Hudson,3,Referee,Referee
2018,401018936,2993575,,Michael Price,Michael Price,Michael,Price,1,Referee,Referee
2018,401018936,2994429,,Tim Greene,Tim Greene,Tim,Greene,2,Referee,Referee
2018,401018936,4218190,,Katie Lukanich,Katie Lukanich,Katie,Lukanich,3,Referee,Referee
2018,401018937,2994496,,Billy Smith,Billy Smith,Billy,Smith,1,Referee,Referee
2018,401018937,3956446,,Karleena Tobin,Karleena Tobin,Karleena,Tobin,2,Referee,Referee
2018,401018937,4011264,,Natalie Sago,Natalie Sago,Natalie,Sago,3,Referee,Referee
2018,401018938,2992939,,Eric Brewton,Eric Brewton,Eric,Brewton,1,Referee,Referee
2018,401018938,2993070,,Roy Gulbeyan,Roy Gulbeyan,Roy,Gulbeyan,2,Referee,Referee
2018,401018938,3032139,,Janetta Graham,Janetta Graham,Janetta,Graham,3,Referee,Referee
2018,401018939,1206,,Jeff Smith,Jeff Smith,Jeff,Smith,1,Referee,Referee
2018,401018939,2993576,,Jeff Wooten,Jeff Wooten,Jeff,Wooten,2,Referee,Referee
2018,401018939,4135553,,Ashley Moyer-Gleich,Ashley Moyer-Gleich,Ashley,Moyer-Gleich,3,Referee,Referee
2018,401018940,2993069,,Kurt Walker,Kurt Walker,Kurt,Walker,1,Referee,Referee
2018,401018940,2994497,,Maj Forsberg,Maj Forsberg,Maj,Forsberg,2,Referee,Referee
2018,401018940,4018672,,Isaac Barnett,Isaac Barnett,Isaac,Barnett,3,Referee,Referee
2018,401018941,2616231,,Che Flores,Che Flores,Che,Flores,1,Referee,Referee
2018,401018941,2993576,,Jeff Wooten,Jeff Wooten,Jeff,Wooten,2,Referee,Referee
2018,401018941,4217619,,Fatou Cissoko-Stephens,Fatou Cissoko-Stephens,Fatou,Cissoko-Stephens,2,Referee,Referee
2018,401018941,3009087,,Fatou Cissoko-Stephens,Fatou Cissoko-Stephens,Fatou,Cissoko-Stephens,3,Referee,Referee
2018,401018941,4337092,,Jeff Wooten,Jeff Wooten,Jeff,Wooten,3,Referee,Referee
2018,401018943,8599,,Brenda Pantoja,Brenda Pantoja,Brenda,Pantoja,1,Referee,Referee
2018,401018943,2992940,,Brenda Pantoja,Brenda Pantoja,Brenda,Pantoja,1,Referee,Referee
2018,401018943,2992941,,Daryl Humphrey,Daryl Humphrey,Daryl,Humphrey,2,Referee,Referee
2018,401018943,4337503,,John Butler,John Butler,John,Butler,3,Referee,Referee
2018,401018944,1207,,Billy Smith,Billy Smith,Billy,Smith,1,Referee,Referee
2018,401018944,2994496,,Billy Smith,Billy Smith,Billy,Smith,1,Referee,Referee
2018,401018944,3032139,,Janetta Graham,Janetta Graham,Janetta,Graham,2,Referee,Referee
2018,401018944,4011264,,Natalie Sago,Natalie Sago,Natalie,Sago,3,Referee,Referee
2018,401018945,8599,,Brenda Pantoja,Brenda Pantoja,Brenda,Pantoja,1,Referee,Referee
2018,401018945,2616231,,Che Flores,Che Flores,Che,Flores,2,Referee,Referee
2018,401018945,2992940,,Brenda Pantoja,Brenda Pantoja,Brenda,Pantoja,2,Referee,Referee
2018,401018945,3009087,,Fatou Cissoko-Stephens,Fatou Cissoko-Stephens,Fatou,Cissoko-Stephens,3,Referee,Referee
2018,401018945,4217619,,Fatou Cissoko-Stephens,Fatou Cissoko-Stephens,Fatou,Cissoko-Stephens,3,Referee,Referee
2018,401018946,1207,,Billy Smith,Billy Smith,Billy,Smith,1,Referee,Referee
2018,401018946,2994496,,Billy Smith,Billy Smith,Billy,Smith,1,Referee,Referee
2018,401018946,2994497,,Maj Forsberg,Maj Forsberg,Maj,Forsberg,2,Referee,Referee
2018,401018946,4337401,,Kevin Fahy,Kevin Fahy,Kevin,Fahy,3,Referee,Referee
2018,401018947,2992941,,Daryl Humphrey,Daryl Humphrey,Daryl,Humphrey,1,Referee,Referee
2018,401018947,2993576,,Jeff Wooten,Jeff Wooten,Jeff,Wooten,2,Referee,Referee
2018,401018947,4223401,,Randy Richardson,Randy Richardson,Randy,Richardson,2,Referee,Referee
2018,401018947,4337092,,Jeff Wooten,Jeff Wooten,Jeff,Wooten,3,Referee,Referee
2018,401018948,2992920,,Tom Mauer,Tom Mauer,Tom,Mauer,1,Referee,Referee
2018,401018948,2993069,,Kurt Walker,Kurt Walker,Kurt,Walker,2,Referee,Referee
2018,401018948,4011264,,Natalie Sago,Natalie Sago,Natalie,Sago,3,Referee,Referee
2018,401018949,2616231,,Che Flores,Che Flores,Che,Flores,1,Referee,Referee
2018,401018949,2995793,,Tony Dawkins,Tony Dawkins,Tony,Dawkins,2,Referee,Referee
2018,401018949,4337091,,Kevin Sparrock,Kevin Sparrock,Kevin,Sparrock,3,Referee,Referee
2018,401018950,1207,,Billy Smith,Billy Smith,Billy,Smith,1,Referee,Referee
2018,401018950,2994496,,Billy Smith,Billy Smith,Billy,Smith,1,Referee,Referee
2018,401018950,2993071,,Kevin Sparrock,Kevin Sparrock,Kevin,Sparrock,2,Referee,Referee
2018,401018950,2995627,,Byron Jarrett,Byron Jarrett,Byron,Jarrett,3,Referee,Referee
2018,401018951,8599,,Brenda Pantoja,Brenda Pantoja,Brenda,Pantoja,1,Referee,Referee
2018,401018951,2992940,,Brenda Pantoja,Brenda Pantoja,Brenda,Pantoja,1,Referee,Referee
2018,401018951,1213,,Kurt Walker,Kurt Walker,Kurt,Walker,2,Referee,Referee
2018,401018951,2992941,,Daryl Humphrey,Daryl Humphrey,Daryl,Humphrey,3,Referee,Referee
2018,401018952,2994497,,Maj Forsberg,Maj Forsberg,Maj,Forsberg,1,Referee,Referee
2018,401018952,4218190,,Katie Lukanich,Katie Lukanich,Katie,Lukanich,2,Referee,Referee
2018,401018952,4223401,,Randy Richardson,Randy Richardson,Randy,Richardson,3,Referee,Referee
2018,401018953,1206,,Jeff Smith,Jeff Smith,Jeff,Smith,1,Referee,Referee
2018,401018953,2992939,,Eric Brewton,Eric Brewton,Eric,Brewton,2,Referee,Referee
2018,401018953,3032139,,Janetta Graham,Janetta Graham,Janetta,Graham,3,Referee,Referee
2018,401018954,8599,,Brenda Pantoja,Brenda Pantoja,Brenda,Pantoja,1,Referee,Referee
2018,401018954,2992940,,Brenda Pantoja,Brenda Pantoja,Brenda,Pantoja,1,Referee,Referee
2018,401018954,2995627,,Byron Jarrett,Byron Jarrett,Byron,Jarrett,2,Referee,Referee
2018,401018954,4337401,,Kevin Fahy,Kevin Fahy,Kevin,Fahy,3,Referee,Referee
2018,401018955,2993575,,Michael Price,Michael Price,Michael,Price,1,Referee,Referee
2018,401018955,2994429,,Tim Greene,Tim Greene,Tim,Greene,2,Referee,Referee
2018,401018955,4218190,,Katie Lukanich,Katie Lukanich,Katie,Lukanich,3,Referee,Referee
2018,401018956,2993070,,Roy Gulbeyan,Roy Gulbeyan,Roy,Gulbeyan,1,Referee,Referee
2018,401018956,2995793,,Tony Dawkins,Tony Dawkins,Tony,Dawkins,2,Referee,Referee
2018,401018956,4217543,,Tiffany Bird,Tiffany Bird,Tiffany,Bird,3,Referee,Referee
2018,401018957,2609971,,Tiara Cruse,Tiara Cruse,Tiara,Cruse,1,Referee,Referee
2018,401018957,2994497,,Maj Forsberg,Maj Forsberg,Maj,Forsberg,2,Referee,Referee
2018,401018957,4223401,,Randy Richardson,Randy Richardson,Randy,Richardson,3,Referee,Referee
2018,401018958,1206,,Jeff Smith,Jeff Smith,Jeff,Smith,1,Referee,Referee
2018,401018958,1213,,Kurt Walker,Kurt Walker,Kurt,Walker,2,Referee,Referee
2018,401018958,3032139,,Janetta Graham,Janetta Graham,Janetta,Graham,3,Referee,Referee
2018,401018959,2609971,,Tiara Cruse,Tiara Cruse,Tiara,Cruse,1,Referee,Referee
2018,401018959,2992920,,Tom Mauer,Tom Mauer,Tom,Mauer,2,Referee,Referee
2018,401018959,2993070,,Roy Gulbeyan,Roy Gulbeyan,Roy,Gulbeyan,3,Referee,Referee
2018,401018960,2993069,,Kurt Walker,Kurt Walker,Kurt,Walker,1,Referee,Referee
2018,401018960,2993575,,Michael Price,Michael Price,Michael,Price,2,Referee,Referee
2018,401018960,4218190,,Katie Lukanich,Katie Lukanich,Katie,Lukanich,3,Referee,Referee
2018,401018961,2992921,,Jeff Smith,Jeff Smith,Jeff,Smith,1,Referee,Referee
2018,401018961,2992939,,Eric Brewton,Eric Brewton,Eric,Brewton,2,Referee,Referee
2018,401018961,2992941,,Daryl Humphrey,Daryl Humphrey,Daryl,Humphrey,3,Referee,Referee
2018,401018962,2995627,,Byron Jarrett,Byron Jarrett,Byron,Jarrett,1,Referee,Referee
2018,401018962,4217543,,Tiffany Bird,Tiffany Bird,Tiffany,Bird,2,Referee,Referee
2018,401018962,4223401,,Randy Richardson,Randy Richardson,Randy,Richardson,3,Referee,Referee
2018,401018963,2993575,,Michael Price,Michael Price,Michael,Price,1,Referee,Referee
2018,401018963,2994429,,Tim Greene,Tim Greene,Tim,Greene,2,Referee,Referee
2018,401018963,3032139,,Janetta Graham,Janetta Graham,Janetta,Graham,3,Referee,Referee
2018,401018964,2992939,,Eric Brewton,Eric Brewton,Eric,Brewton,1,Referee,Referee
2018,401018964,2995793,,Tony Dawkins,Tony Dawkins,Tony,Dawkins,2,Referee,Referee
2018,401018964,4218190,,Katie Lukanich,Katie Lukanich,Katie,Lukanich,3,Referee,Referee
2018,401018965,2616231,,Che Flores,Che Flores,Che,Flores,1,Referee,Referee
2018,401018965,2992920,,Tom Mauer,Tom Mauer,Tom,Mauer,2,Referee,Referee
2018,401018965,2993069,,Kurt Walker,Kurt Walker,Kurt,Walker,3,Referee,Referee
2018,401018966,8599,,Brenda Pantoja,Brenda Pantoja,Brenda,Pantoja,1,Referee,Referee
2018,401018966,2609971,,Tiara Cruse,Tiara Cruse,Tiara,Cruse,2,Referee,Referee
2018,401018966,2992940,,Brenda Pantoja,Brenda Pantoja,Brenda,Pantoja,2,Referee,Referee
2018,401018966,2994497,,Maj Forsberg,Maj Forsberg,Maj,Forsberg,3,Referee,Referee
2018,401018967,1207,,Billy Smith,Billy Smith,Billy,Smith,1,Referee,Referee
2018,401018967,2993576,,Jeff Wooten,Jeff Wooten,Jeff,Wooten,1,Referee,Referee
2018,401018967,2994496,,Billy Smith,Billy Smith,Billy,Smith,2,Referee,Referee
2018,401018967,4337092,,Jeff Wooten,Jeff Wooten,Jeff,Wooten,2,Referee,Referee
2018,401018967,4337503,,John Butler,John Butler,John,Butler,3,Referee,Referee
2018,401018968,2993070,,Roy Gulbeyan,Roy Gulbeyan,Roy,Gulbeyan,1,Referee,Referee
2018,401018968,2993575,,Michael Price,Michael Price,Michael,Price,2,Referee,Referee
2018,401018968,3032139,,Janetta Graham,Janetta Graham,Janetta,Graham,3,Referee,Referee
2018,401018969,4018672,,Isaac Barnett,Isaac Barnett,Isaac,Barnett,1,Referee,Referee
2018,401018969,4217543,,Tiffany Bird,Tiffany Bird,Tiffany,Bird,2,Referee,Referee
2018,401018969,4337091,,Kevin Sparrock,Kevin Sparrock,Kevin,Sparrock,3,Referee,Referee
2018,401018970,2616231,,Che Flores,Che Flores,Che,Flores,1,Referee,Referee
2018,401018970,2992939,,Eric Brewton,Eric Brewton,Eric,Brewton,2,Referee,Referee
2018,401018970,2995793,,Tony Dawkins,Tony Dawkins,Tony,Dawkins,3,Referee,Referee
2018,401018971,2992941,,Daryl Humphrey,Daryl Humphrey,Daryl,Humphrey,1,Referee,Referee
2018,401018971,2993070,,Roy Gulbeyan,Roy Gulbeyan,Roy,Gulbeyan,2,Referee,Referee
2018,401018971,4073490,,Toni Patillo,Toni Patillo,Toni,Patillo,3,Referee,Referee
2018,401018972,2992920,,Tom Mauer,Tom Mauer,Tom,Mauer,1,Referee,Referee
2018,401018972,2994497,,Maj Forsberg,Maj Forsberg,Maj,Forsberg,2,Referee,Referee
2018,401018972,3032468,,Donald Hudson,Donald Hudson,Donald,Hudson,3,Referee,Referee
2018,401018973,2992941,,Daryl Humphrey,Daryl Humphrey,Daryl,Humphrey,1,Referee,Referee
2018,401018973,2994497,,Maj Forsberg,Maj Forsberg,Maj,Forsberg,2,Referee,Referee
2018,401018973,4018672,,Isaac Barnett,Isaac Barnett,Isaac,Barnett,3,Referee,Referee
2018,401018974,1207,,Billy Smith,Billy Smith,Billy,Smith,1,Referee,Referee
2018,401018974,2993576,,Jeff Wooten,Jeff Wooten,Jeff,Wooten,2,Referee,Referee
2018,401018974,4218190,,Katie Lukanich,Katie Lukanich,Katie,Lukanich,2,Referee,Referee
2018,401018974,2994496,,Billy Smith,Billy Smith,Billy,Smith,3,Referee,Referee
2018,401018974,4337092,,Jeff Wooten,Jeff Wooten,Jeff,Wooten,3,Referee,Referee
2018,401018975,8599,,Brenda Pantoja,Brenda Pantoja,Brenda,Pantoja,1,Referee,Referee
2018,401018975,2992940,,Brenda Pantoja,Brenda Pantoja,Brenda,Pantoja,1,Referee,Referee
2018,401018975,2995627,,Byron Jarrett,Byron Jarrett,Byron,Jarrett,2,Referee,Referee
2018,401018975,4011264,,Natalie Sago,Natalie Sago,Natalie,Sago,3,Referee,Referee
2018,401018976,2993070,,Roy Gulbeyan,Roy Gulbeyan,Roy,Gulbeyan,1,Referee,Referee
2018,401018976,2994429,,Tim Greene,Tim Greene,Tim,Greene,2,Referee,Referee
2018,401018976,4135553,,Ashley Moyer-Gleich,Ashley Moyer-Gleich,Ashley,Moyer-Gleich,3,Referee,Referee
2018,401018977,2993575,,Michael Price,Michael Price,Michael,Price,1,Referee,Referee
2018,401018977,3956446,,Karleena Tobin,Karleena Tobin,Karleena,Tobin,2,Referee,Referee
2018,401018977,4337091,,Kevin Sparrock,Kevin Sparrock,Kevin,Sparrock,3,Referee,Referee
2018,401018978,52038,,Donald Hudson,Donald Hudson,Donald,Hudson,1,Referee,Referee
2018,401018978,2609971,,Tiara Cruse,Tiara Cruse,Tiara,Cruse,2,Referee,Referee
2018,401018978,2992939,,Eric Brewton,Eric Brewton,Eric,Brewton,3,Referee,Referee
2018,401018979,8599,,Brenda Pantoja,Brenda Pantoja,Brenda,Pantoja,1,Referee,Referee
2018,401018979,1213,,Kurt Walker,Kurt Walker,Kurt,Walker,2,Referee,Referee
2018,401018979,2992940,,Brenda Pantoja,Brenda Pantoja,Brenda,Pantoja,2,Referee,Referee
2018,401018979,2615865,,Tom Mauer,Tom Mauer,Tom,Mauer,3,Referee,Referee
2018,401018980,2616231,,Che Flores,Che Flores,Che,Flores,1,Referee,Referee
2018,401018980,2992941,,Daryl Humphrey,Daryl Humphrey,Daryl,Humphrey,2,Referee,Referee
2018,401018980,2993576,,Jeff Wooten,Jeff Wooten,Jeff,Wooten,3,Referee,Referee
2018,401018981,2995627,,Byron Jarrett,Byron Jarrett,Byron,Jarrett,1,Referee,Referee
2018,401018981,4073490,,Toni Patillo,Toni Patillo,Toni,Patillo,2,Referee,Referee
2018,401018981,4223401,,Randy Richardson,Randy Richardson,Randy,Richardson,3,Referee,Referee
2018,401018982,2994429,,Tim Greene,Tim Greene,Tim,Greene,1,Referee,Referee
2018,401018982,2994497,,Maj Forsberg,Maj Forsberg,Maj,Forsberg,2,Referee,Referee
2018,401018982,3081694,,Isaac Barnett,Isaac Barnett,Isaac,Barnett,3,Referee,Referee
2018,401018983,52027,,Tiffany  Bird,Tiffany  Bird,Tiffany,Bird,1,Referee,Referee
2018,401018983,2993070,,Roy Gulbeyan,Roy Gulbeyan,Roy,Gulbeyan,2,Referee,Referee
2018,401018983,4337503,,John Butler,John Butler,John,Butler,3,Referee,Referee
2018,401018984,2992939,,Eric Brewton,Eric Brewton,Eric,Brewton,1,Referee,Referee
2018,401018984,2993575,,Michael Price,Michael Price,Michael,Price,2,Referee,Referee
2018,401018984,4011264,,Natalie Sago,Natalie Sago,Natalie,Sago,3,Referee,Referee
2018,401074453,2993070,,Roy Gulbeyan,Roy Gulbeyan,Roy,Gulbeyan,1,Referee,Referee
2018,401074453,2994497,,Maj Forsberg,Maj Forsberg,Maj,Forsberg,2,Referee,Referee
2018,401074453,2995627,,Byron Jarrett,Byron Jarrett,Byron,Jarrett,3,Referee,Referee
2018,401074454,8599,,Brenda Pantoja,Brenda Pantoja,Brenda,Pantoja,1,Referee,Referee
2018,401074454,2992940,,Brenda Pantoja,Brenda Pantoja,Brenda,Pantoja,1,Referee,Referee
2018,401074454,2993575,,Michael Price,Michael Price,Michael,Price,2,Referee,Referee
2018,401074454,2994429,,Tim Greene,Tim Greene,Tim,Greene,3,Referee,Referee
2018,401074455,2609971,,Tiara Cruse,Tiara Cruse,Tiara,Cruse,1,Referee,Referee
2018,401074455,2993069,,Kurt Walker,Kurt Walker,Kurt,Walker,2,Referee,Referee
2018,401074455,2993576,,Jeff Wooten,Jeff Wooten,Jeff,Wooten,3,Referee,Referee
2018,401074455,4337092,,Jeff Wooten,Jeff Wooten,Jeff,Wooten,3,Referee,Referee
2018,401074456,1207,,Billy Smith,Billy Smith,Billy,Smith,1,Referee,Referee
2018,401074456,2616231,,Che Flores,Che Flores,Che,Flores,2,Referee,Referee
2018,401074456,2992939,,Eric Brewton,Eric Brewton,Eric,Brewton,3,Referee,Referee
2018,401074456,2994496,,Billy Smith,Billy Smith,Billy,Smith,3,Referee,Referee
2018,401074459,2992939,,Eric Brewton,Eric Brewton,Eric,Brewton,1,Referee,Referee
2018,401074459,2994497,,Maj Forsberg,Maj Forsberg,Maj,Forsberg,2,Referee,Referee
2018,401074459,4018672,,Isaac Barnett,Isaac Barnett,Isaac,Barnett,3,Referee,Referee
2018,401074457,8599,,Brenda Pantoja,Brenda Pantoja,Brenda,Pantoja,1,Referee,Referee
2018,401074457,2992921,,Jeff Smith,Jeff Smith,Jeff,Smith,2,Referee,Referee
2018,401074457,2992940,,Brenda Pantoja,Brenda Pantoja,Brenda,Pantoja,2,Referee,Referee
2018,401074457,2993069,,Kurt Walker,Kurt Walker,Kurt,Walker,3,Referee,Referee
2018,401074460,1207,,Billy Smith,Billy Smith,Billy,Smith,1,Referee,Referee
2018,401074460,2993070,,Roy Gulbeyan,Roy Gulbeyan,Roy,Gulbeyan,2,Referee,Referee
2018,401074460,2993576,,Jeff Wooten,Jeff Wooten,Jeff,Wooten,2,Referee,Referee
2018,401074460,2994496,,Billy Smith,Billy Smith,Billy,Smith,3,Referee,Referee
2018,401074460,4337092,,Jeff Wooten,Jeff Wooten,Jeff,Wooten,3,Referee,Referee
2018,401074458,2993575,,Michael Price,Michael Price,Michael,Price,1,Referee,Referee
2018,401074458,2995627,,Byron Jarrett,Byron Jarrett,Byron,Jarrett,2,Referee,Referee
2018,401074458,3032139,,Janetta Graham,Janetta Graham,Janetta,Graham,3,Referee,Referee
2018,401074473,2993069,,Kurt Walker,Kurt Walker,Kurt,Walker,1,Referee,Referee
2018,401074473,2993575,,Michael Price,Michael Price,Michael,Price,2,Referee,Referee
2018,401074473,4217543,,Tiffany Bird,Tiffany Bird,Tiffany,Bird,3,Referee,Referee
2018,401074461,2616231,,Che Flores,Che Flores,Che,Flores,1,Referee,Referee
2018,401074461,2993070,,Roy Gulbeyan,Roy Gulbeyan,Roy,Gulbeyan,2,Referee,Referee
2018,401074461,2994497,,Maj Forsberg,Maj Forsberg,Maj,Forsberg,3,Referee,Referee
2018,401074462,2993070,,Roy Gulbeyan,Roy Gulbeyan,Roy,Gulbeyan,1,Referee,Referee
2018,401074462,2994497,,Maj Forsberg,Maj Forsberg,Maj,Forsberg,2,Referee,Referee
2018,401074462,2995627,,Byron Jarrett,Byron Jarrett,Byron,Jarrett,3,Referee,Referee
2018,401074463,8599,,Brenda Pantoja,Brenda Pantoja,Brenda,Pantoja,1,Referee,Referee
2018,401074463,2992939,,Eric Brewton,Eric Brewton,Eric,Brewton,2,Referee,Referee
2018,401074463,2992940,,Brenda Pantoja,Brenda Pantoja,Brenda,Pantoja,2,Referee,Referee
2018,401074463,2993575,,Michael Price,Michael Price,Michael,Price,3,Referee,Referee
2018,401074465,1207,,Billy Smith,Billy Smith,Billy,Smith,1,Referee,Referee
2018,401074465,2992940,,Brenda Pantoja,Brenda Pantoja,Brenda,Pantoja,1,Referee,Referee
2018,401074465,2993575,,Michael Price,Michael Price,Michael,Price,2,Referee,Referee
2018,401074465,2994496,,Billy Smith,Billy Smith,Billy,Smith,3,Referee,Referee
2018,401074465,4337092,,Jeff Wooten,Jeff Wooten,Jeff,Wooten,3,Referee,Referee
2018,401074464,2993069,,Kurt Walker,Kurt Walker,Kurt,Walker,1,Referee,Referee
2018,401074464,2994497,,Maj Forsberg,Maj Forsberg,Maj,Forsberg,2,Referee,Referee
2018,401074464,2995627,,Byron Jarrett,Byron Jarrett,Byron,Jarrett,3,Referee,Referee
2018,401079693,2616231,,Che Flores,Che Flores,Che,Flores,1,Referee,Referee
2018,401079693,2992939,,Eric Brewton,Eric Brewton,Eric,Brewton,1,Referee,Referee
2018,401079693,2993575,,Michael Price,Michael Price,Michael,Price,2,Referee,Referee
2018,401079693,2994497,,Maj Forsberg,Maj Forsberg,Maj,Forsberg,3,Referee,Referee
2018,401079694,1213,,Kurt Walker,Kurt Walker,Kurt,Walker,1,Referee,Referee
2018,401079694,1207,,Billy Smith,Billy Smith,Billy,Smith,2,Referee,Referee
2018,401079694,2994497,,Maj Forsberg,Maj Forsberg,Maj,Forsberg,3,Referee,Referee
2018,401079695,8599,,Brenda Pantoja,Brenda Pantoja,Brenda,Pantoja,1,Referee,Referee
2018,401079695,2992940,,Brenda Pantoja,Brenda Pantoja,Brenda,Pantoja,1,Referee,Referee
2018,401079695,2993070,,Roy Gulbeyan,Roy Gulbeyan,Roy,Gulbeyan,2,Referee,Referee
2018,401079695,2995627,,Byron Jarrett,Byron Jarrett,Byron,Jarrett,3,Referee,Referee
